22	-16.5	-68.15	La Paz	itu+geonames:3911925
22	-16.4962209	-68.1372763	Museo San Francisco	osm
22	-16.482719	-68.1419607	Modulo Policial German Busch, La Paz	osm
22	-16.513941	-68.1212663	Embajada de España, La Paz	osm
22	-16.4954211	-68.1402852	Hotel Rosario La Paz, La Paz	osm
22	-16.5421881	-68.08283	Embajada de Colombia	osm
22	-16.5100553	-68.1264557	Manq'a	osm
22	-16.4977512	-68.1386869	Hostal Maya Inn, La Paz	osm
22	-16.4972722	-68.1385701	Hotel Fuentes, La Paz	osm
22	-16.4954772	-68.1478006	Pollos Don Coco, La Paz	osm
22	-16.4968284	-68.1372883	Café Restaurante Banais	osm
22	-16.4978712	-68.1392147	Huayna Potosí	osm
22	-16.5045557	-68.1313841	Farmacias Bolivia	osm
22	-16.5019693	-68.1322366	Burger King	osm
22	-16.5048155	-68.1321707	Administradora Boliviana de Carreteras, La Paz	osm
22	-16.4911724	-68.1247587	MS Courier	osm
22	-16.4944119	-68.1330737	INRA Nacional	osm
22	-16.5272716	-68.1483495	Hipermaxi, Ciudad Satélite	osm
22	-16.4968813	-68.1374079	Extreme Expeditions, La Paz	osm
22	-16.4969145	-68.1372278	Hostal Naira La Paz, La Paz	osm
22	-16.4969284	-68.1337292	Ministerio de Culturas y Turismo, La Paz	osm
22	-16.4963782	-68.1487165	Producciones Nor Chichas S.R.L., La Paz	osm
22	-16.5083762	-68.1345122	Molina Expert's	osm
22	-16.5157078	-68.1307868	Molina Expert's, La Paz	osm
22	-16.4959924	-68.1320229	Erbol 100.9 FM, La Paz	osm
22	-16.5014117	-68.133315	L'HEXAGONE, La Paz	osm
22	-16.5261291	-68.1066258	Fonadal, La Paz	osm
22	-16.5639998	-69.036042	Aduana	osm
22	-16.5343239	-68.1492313	Mirador, El Alto	osm
22	-16.4963191	-68.133578	Ministerio de la Presidencia, La Paz	osm
22	-16.4985847	-68.1344255	Ministro de Economía y Finanzas Públicas, La Paz	osm
22	-16.5099004	-68.1264839	Universidad San Francisco de Asís, La Paz	osm
22	-16.4971845	-68.1341445	Tomate Café, La Paz	osm
22	-16.2247899	-69.0959269	PNB - Migración	osm
22	-16.5081508	-68.1300861	Embajada de Argentina, La Paz	osm
22	-16.509802	-68.1282084	Embajada de Japón	osm
22	-16.5445236	-68.0864557	Restaurante Gustu, La Paz	osm
22	-16.5445621	-68.0913308	Equimin Srl, La Paz	osm
22	-16.4893587	-68.1395346	Tambo de Oro	osm
22	-16.5096406	-68.1335414	Sociedad de Ingenieros de Bolivia Departamental La Paz	osm
22	-16.497472	-68.1340611	GeoBolivia, La Paz	osm
22	-16.5228976	-68.1539005	ELI´S Pizza, Municipio de El Alto	osm
22	-16.4925824	-68.1423928	IMPORTADORA LINZ, La Paz	osm
22	-16.4993917	-68.1254417	DELAPAZ	osm
22	-16.5039856	-68.134652	Rotisería "Vega's"	osm
22	-16.5044841	-68.1310788	AFP Futuro de Bolivia, La Paz	osm
22	-16.4950968	-68.1509264	E & R	osm
22	-16.4994657	-68.1312621	Radio y Televisión Popular	osm
22	-16.4990348	-68.1246877	Farmacias Bolivia	osm
22	-16.527538	-68.105202	Farmacias Bolivia	osm
22	-16.4960556	-68.1323336	Limpieza y Lavandería Ballivián, La Paz	osm
22	-16.518505	-68.1505142	Pizza Goool, Ciudad Satélite	osm
22	-16.5179924	-68.1503778	Ketal Express, Ciudad Satélite	osm
22	-16.4724394	-68.116279	Olimpica, La Paz	osm
22	-16.4970503	-68.1355832	Hansa	osm
22	-16.4989349	-68.1381878	La Familia, La Paz	osm
22	-16.4998699	-68.134588	Farmacias Bolivia	osm
22	-16.5102725	-68.1252734	Embajada del Paraguay, La Paz	osm
22	-16.5298612	-68.1009095	Consulado General del Perú, La Paz	osm
22	-16.4983084	-68.1335926	BCP, La Paz	osm
22	-16.4948789	-68.171334	Sibal Importaciones y Representaciones, El Alto	osm
22	-16.5076863	-68.1337263	Alitas	osm
22	-16.5023581	-68.1197275	LavaloFacil, La Paz	osm
22	-16.5387426	-68.0768669	Alianza	osm
22	-16.4949579	-68.1337491	Ministerio de Relaciones Exteriores, La Paz	osm
22	-16.4962207	-68.1399712	Hotel Las Brisas, La Paz	osm
22	-16.4965604	-68.1330833	The Writers Coffee	osm
22	-16.5187098	-68.0660598	Red Monkey	osm
22	-16.5354573	-68.0757034	New Sakura	osm
22	-16.4965293	-68.139551	Sampaya Outdoor Equipment	osm
22	-16.4954746	-68.1386496	IntiWasi, La Paz	osm
22	-16.5411839	-68.0884385	XBikesStore	osm
22	-16.4911478	-68.1412162	Catacora Tour, La Paz	osm
22	-16.5065086	-68.1308445	3600 Hostel	osm
22	-16.5037619	-68.1292846	Planetario Max Schreier - Fisica UMSA, La Paz	osm
22	-16.5069951	-68.0850012	Mundo Consciente	osm
22	-16.4980817	-68.1361098	Farmacias Bolivia, La Paz	osm
22	-16.4932545	-68.1201532	Museo de Textiles Andinos Bolivianos	osm
22	-16.5063165	-68.1637812	Farmacias Bolivia - El Alto	osm
22	-16.4976188	-68.1388234	Hotel Alem, La Paz	osm
22	-16.4974311	-68.1386414	Hotel Sagárnaga, La Paz	osm
22	-16.5144434	-68.1290505	Farmacia Bolivia	osm
22	-16.4991491	-68.1333744	Farmacias Chávez, La Paz	osm
22	-16.4961076	-68.140001	Hotel Qantu, La Paz	osm
22	-16.4973453	-68.1396549	Restaurant El Principe	osm
22	-16.4980105	-68.1394724	Mozzarella	osm
22	-16.5019031	-68.1329655	Farmacias Bolivia	osm
22	-16.5036565	-68.1315638	Farmacorp	osm
22	-16.4934782	-68.1373838	Clinica De Ojos BURGOA, La Paz	osm
22	-16.4989519	-68.1348574	Farmacias Bolivia	osm
22	-16.4935263	-68.1369801	Farmacias Bolivia	osm
22	-16.4941716	-68.131916	Farmacias Bolivia	osm
22	-16.4795088	-68.1212795	Farmacias Bolivia	osm
22	-16.4985675	-68.1330041	Farmacias Bolivia	osm
22	-16.4964733	-68.1349202	FairPlay - Shopping Norte	osm
22	-16.4965547	-68.1349249	Shopping Norte	osm
22	-16.4990292	-68.1335729	Bata	osm
22	-16.5104991	-68.1275893	Farmacias Bolivia, La Paz	osm
22	-16.5114111	-68.126644	Farmacorp, La Paz	osm
22	-16.5103313	-68.1261244	Farmacias Bolivia	osm
22	-16.5066476	-68.1303793	Churrasqueria El Rodeo, La Paz	osm
22	-16.5056477	-68.1312935	El Rey Palace Hotel, La Paz	osm
22	-16.5093473	-68.129564	Farmacias Bolivia	osm
22	-16.4989993	-68.1245549	Burger King	osm
22	-16.498658	-68.120957	Mr Pizza, La Paz	osm
22	-16.495929	-68.1166156	Bolivia	osm
22	-16.5047811	-68.1211017	Farmacias Bolivia	osm
22	-16.5255345	-68.1089317	La Pizza Nostra	osm
22	-16.513133	-68.1205527	Farmacorp	osm
22	-16.5040828	-68.130816	PRU-ROBIN, La Paz	osm
22	-16.5297244	-68.1019947	Farmacias Bolivia	osm
22	-16.5299904	-68.1007738	Farmacias Bolivia	osm
22	-16.4928884	-68.210263	Fuerza Especial de Lucha Contra el Narcotráfico (FELCN)	osm
22	-16.4981803	-68.1746761	Banco Bisa	osm
22	-16.4937638	-68.1444084	Farmacias Bolivia	osm
22	-16.5055741	-68.1299387	Farmacias Bolivia	osm
22	-16.4976153	-68.1332145	Ali Pacha, La Paz	osm
22	-16.5450549	-68.0690175	Centro Europeo de Odontologia	osm
22	-16.5407221	-68.0779139	Bata	osm
22	-16.5254641	-68.1538169	Vias Bolivia, Ciudad Satélite	osm
22	-16.5403495	-68.0739269	Restaurant Chalet La Suisse	osm
22	-16.5271865	-68.1482134	CINEBOL, Ciudad Satélite	osm
22	-16.5237353	-68.1518212	Israel, Ciudad Satélite	osm
22	-16.4960608	-68.138437	Reencuentro con la Naturaleza	osm
22	-16.5023882	-68.1389412	Megatec Sys	osm
22	-16.5223957	-68.153615	Hospital Boliviano Holandés	osm
22	-16.4986523	-68.1188296	Instituto Supérate, La Paz	osm
22	-16.5182708	-68.1336334	Mantra	osm
22	-16.4977057	-68.1386505	Peña Huari, La Paz	osm
22	-16.5314088	-68.1490413	Kinder Rayitos del Cielo, Ciudad Satélite	osm
22	-16.5260166	-68.1501652	U. E. Pankarita Kindergarden, Ciudad Satélite	osm
22	-16.5028077	-68.1369861	Namasté, La Paz	osm
22	-16.497602	-68.1326659	Ls boutique del Pan	osm
22	-16.4813684	-68.1217527	Exquisita	osm
22	-16.479523	-68.1207449	Exquisita, La Paz	osm
22	-16.4793298	-68.1206252	Pastelería Exquisita	osm
22	-16.5411613	-68.0770062	Ruway Corporación	osm
22	-16.5294106	-68.1588589	RedComp Systems Ayllón	osm
22	-16.5116634	-68.1277683	CODES	osm
22	-16.4975869	-68.1338763	Agencia para el Desarrollo de la Sociedad de la Información en Bolivia	osm
22	-16.5276115	-68.1528153	Tecnológico Puerto de Mejillones, Ciudad Satélite	osm
22	-16.4972025	-68.1380209	Inca Land Tours	osm
22	-16.4959207	-68.139748	The English Pub	osm
22	-16.4958236	-68.1326603	Libreria & Papelerpia Olimpia, La Paz	osm
22	-16.5115275	-68.1236095	Rockport Coffee, La Paz	osm
22	-16.5059726	-68.1281383	Consulado de Austria	osm
22	-16.5019011	-68.1261671	Dirección General del Sistema Integrado de Transporte, La Paz	osm
22	-16.4980378	-68.1305411	HB Bronze-Coffeebar, La Paz	osm
22	-16.4894076	-68.1396308	Todo Turismo, La Paz	osm
22	-16.5091028	-68.1295724	BBVA Previsión	osm
22	-16.5182499	-68.1423724	Sub Alcaldía Cotahuma GAMLP	osm
22	-16.4931681	-68.1760977	Cristo Viene	osm
22	-16.4987837	-68.1289849	Luciernagas	osm
22	-16.4997953	-68.1326332	Dirección General de Migración, La Paz	osm
22	-16.5217062	-68.1526034	Ministerio Internacional Desafio, Ciudad Satélite	osm
22	-16.4974451	-68.1287069	Farmacias Bolivia	osm
22	-16.527262	-68.1484741	Farmacias Bolivia, Ciudad Satélite	osm
22	-16.5020355	-68.1333827	La Estancia	osm
22	-16.524123	-68.1515526	La Primera EFV, Ciudad Satélite	osm
22	-16.5223312	-68.1553078	Banco Crecer IFD	osm
22	-16.5229364	-68.1538514	Dental Center, Ciudad Satélite	osm
22	-16.5112211	-68.1405806	Impro	osm
22	-16.4871921	-68.1555891	Carlos Carrasco Ávila	osm
22	-16.4975506	-68.1844092	La Vitalicia, El Alto	osm
22	-16.511199	-68.1264196	Fundación para la Producción, La Paz	osm
22	-16.5092479	-68.1237109	Autoridad de Supervisión del Sistema Financiero	osm
22	-16.5232541	-68.1625298	Radio Taxi Extremo	osm
22	-16.5074725	-68.1280465	Embajada del Perú	osm
22	-16.5113458	-68.1248325	Administración de Servicios Portuarios de Bolivia, La Paz	osm
22	-16.5399514	-68.0641384	Apunto G.A.	osm
22	-16.4832892	-68.1213647	Gimnasio no Limites Villaroel, La Paz	osm
22	-16.5137635	-68.133747	Santa Gemma, La Paz	osm
22	-16.4897772	-68.1404183	Hostal Bellavista Inn, La Paz	osm
22	-16.5059242	-68.1280088	Corimex S.R.L.	osm
22	-16.4974803	-68.1322929	Servicios Técnicos e Importaciones STI Ltda	osm
22	-16.4981042	-68.133455	Registro Unico para la Administración Tributaria Municipal RUAT, La Paz	osm
22	-16.4980499	-68.1327272	Servicios Técnicos e Importaciones, La Paz	osm
22	-16.539353	-68.0676621	Instituto de Investigación Geográficas IIGEO, La Paz	osm
22	-16.513098	-68.1243043	Rendezvous, La Paz	osm
22	-16.5439604	-68.0831803	Postres Carmina Mamani	osm
22	-16.5442331	-68.0831892	Peluqueria Carmen Rosa	osm
22	-16.4978866	-68.1382081	Climbing South America	osm
22	-16.5124694	-68.1335652	SOCOSER	osm
22	-16.5185798	-68.1498854	Pollos Copacabana, Ciudad Satélite	osm
22	-16.5130703	-68.1264638	Montículo Apart Hotel, La Paz	osm
22	-16.5130622	-68.1265139	Restaurante Humo, La Paz	osm
22	-16.5116071	-68.1267776	Wayruru Cafe, La Paz	osm
22	-16.498062	-68.1371731	node/4884435922	osm
22	-16.4982109	-68.1332533	Mr. Pizza	osm
22	-16.5030073	-68.1634398	El Ceibo, El Alto	osm
22	-16.4971248	-68.1349084	Bata	osm
22	-16.5191743	-68.1518266	Laboratorio MINNELAB, Ciudad Satélite	osm
22	-16.5111135	-68.1220148	Burger King	osm
22	-16.5108359	-68.1256356	AlianSAlud	osm
22	-16.4951962	-68.1350882	Bata	osm
22	-16.495146	-68.1351818	Farmacias Bolivia	osm
22	-16.4955189	-68.1345284	Wist'upiku, La Paz	osm
22	-16.4947179	-68.1361429	Farmacias Bolivia	osm
22	-16.5407852	-68.0769838	Casa Color	osm
22	-16.4958266	-68.1363187	Chocolates Condor, La Paz	osm
22	-16.5327165	-68.0876436	Fair Play	osm
22	-16.532178	-68.0873514	Pollo Copacabana	osm
22	-16.5325483	-68.0876759	Bata	osm
22	-16.5317542	-68.0876967	Burger King	osm
22	-16.939818	-67.9378816	Hotel Gloria Urmiri, Urmiri	osm
22	-16.4995991	-68.1363209	CESING	osm
22	-16.5233802	-68.1519946	Banco de Crédito BCP, Ciudad Satélite	osm
22	-16.5103615	-68.1241721	Leela Anand International	osm
22	-16.5296602	-68.1582759	Radio Taxi Pulpos, Ciudad Satélite	osm
22	-16.4980767	-68.1664369	Importadora Ingala, El Alto	osm
22	-16.4969738	-68.1357858	Hansa	osm
22	-16.5385632	-68.0623077	Instituto de Investigaciones Mecánicas y Electromecánica - IIME, La Paz	osm
22	-16.5380857	-68.0626766	Instituto de Investigación y Desarrollo de Procesos Químicos - IIDEPROQ, La Paz	osm
22	-16.4985627	-68.1345248	Farmacias Bolivia	osm
22	-16.5388116	-68.0784011	Banco Prodem	osm
22	-16.4946398	-68.1442972	Mundo Eléctrico	osm
22	-16.5403896	-68.0654452	Glass Glenders	osm
22	-16.5385132	-68.0638735	Instituto de Hidráulica e Hidrología - IHH, La Paz	osm
22	-16.5119145	-68.1273507	La Huerta, La Paz	osm
22	-16.5026093	-68.1217448	Tupiza Tours	osm
22	-16.5450237	-68.0862196	Turisbus, La Paz	osm
22	-16.5126877	-68.1282194	Agencia de Gobierno Electrónico y Tecnologías de la Información y Comunciación, La Paz	osm
22	-16.49573	-68.1412798	FairPlay - Aroma	osm
22	-16.5040328	-68.1200888	CIMFA Policlínico Miraflores - CNS, La Paz	osm
22	-16.5009892	-68.1320583	Chocolates Breick, La Paz	osm
22	-16.5122884	-68.122869	Marconsult Bolivia	osm
22	-16.5247472	-68.1493741	Banco Nacional de Bolivia BNB, Ciudad Satélite	osm
22	-16.5447547	-68.0596065	Cota Cota 33, La Paz	osm
22	-16.5105725	-68.1290418	Plurar Editores, La Paz	osm
22	-16.4990164	-68.1331068	Paceña La Salteña, La Paz	osm
22	-16.5042566	-68.1316105	Ministerio de Salud y Deportes, La Paz	osm
22	-16.5234465	-68.152534	Hotel Orquidea, Ciudad Satélite	osm
22	-16.4933151	-68.1218111	Funeraria Paz Eterna	osm
22	-16.5037741	-68.130304	Unidad de Postgrado Ciencias de la Educación. UMSA	osm
22	-16.5106781	-68.1671907	Instituto Boliviano de Radioterapia y Oncología IBRO	osm
22	-16.5266079	-68.1069477	Unidad Coordinadora de Programas UCEP - MMAyA, La Paz	osm
22	-16.4986707	-68.1207418	Clinica Prosalud, La Paz	osm
22	-16.5131589	-68.1299016	CISTAC Masculinidades	osm
22	-16.5066444	-68.1182373	Instituto Nacional de Torax	osm
22	-16.5248805	-68.1650926	Funeraria Casas, El Alto	osm
22	-16.5274172	-68.1045568	Embajada de Suiza, La Paz	osm
22	-16.5088741	-68.1266613	Mutual de Servicios al Policía, La Paz	osm
22	-16.5399568	-68.0895376	Embajada de Panamá, La Paz	osm
22	-16.5000194	-68.1344892	Bata	osm
22	-16.5393881	-68.083918	Farmacias Bolivia - Ketal	osm
22	-16.5400675	-68.0776582	Farmacias Bolivia - San Miguel	osm
22	-16.540323	-68.0782857	Farmacias Bolivia - Montenegro	osm
22	-16.5062045	-68.1619636	Farmacias Bolivia - Franco Valle	osm
22	-16.5098448	-68.1243987	Farmacias Bolivia	osm
22	-16.4953572	-68.1430944	Farmacias Bolivia - Pasaje Ortega	osm
22	-16.5109047	-68.1222548	Farmacias Bolivia - Multicine	osm
22	-16.4956089	-68.1412032	Farmacias Bolivia - Graneros	osm
22	-16.4948903	-68.1426316	Farmacias Bolivia - Tumusla	osm
22	-16.4943764	-68.1415394	Farmacias Bolivia - Tumusla	osm
22	-16.5015924	-68.1383429	Farmacias Bolivia	osm
22	-16.5262391	-68.1077506	Mr. Pizza - Obrajes	osm
22	-16.4968546	-68.1357928	Volkswagen, La Paz	osm
22	-16.499029	-68.1559589	Paitití Hostel	osm
22	-16.4909699	-68.1608372	Unidad Educativa Marien Garten, La Paz	osm
22	-16.4922635	-68.1447103	Pollos Copacabana, La Paz	osm
22	-16.4966522	-68.1244414	Farmacia MiFarma, La Paz	osm
22	-16.5122737	-68.1267268	Chicharrones Real	osm
22	-16.5044528	-68.1367599	Farmacia Beni	osm
22	-16.4927665	-68.138552	node/5661627421	osm
22	-16.5115044	-68.1275784	Agencia Estatal de Vivienda - Departamental La Paz, La Paz	osm
22	-16.5000278	-68.1320747	EMAPA, La Paz	osm
22	-16.5722382	-68.1746975	Chalet Flor de Leche	osm
22	-16.5152294	-68.1288658	Clinica Rengel, La Paz	osm
22	-16.4028534	-67.6420058	Hotel Tamampaya, Puente Villa	osm
22	-16.51525	-68.1298017	Casa Fusión Hotel Boutique, La Paz	osm
22	-16.5166384	-68.1672354	Administración de Servicios Portuarios - Bolivia, El Alto	osm
22	-16.5444533	-68.0790679	Agencia para el Desarrollo de la Sociedad de la Información en Bolivia (ADSIB), La Paz	osm
22	-16.4948238	-68.1323767	Escuela de Gestión Pública Plurinacional, La Paz	osm
22	-16.5083884	-68.1286918	Agencia Estatal de Vivienda - Oficina Nacional, La Paz	osm
22	-16.508284	-68.1253429	Embajada de la República Federal de Alemania, La Paz	osm
22	-16.4886445	-68.1418917	Guarda Equipajes PRIMO, La Paz	osm
22	-16.525552	-68.1076703	Ministerio de Medio Ambiente y Agua, La Paz	osm
22	-16.4774301	-68.1191949	Imperio de la Moda, La Paz	osm
22	-16.5404286	-68.0786365	Fashion Hogar, La Paz	osm
22	-16.5383618	-68.068468	Carrera de Física	osm
22	-16.5382255	-68.0678105	Instituto Investigaciones Geológicas y del Medio Ambiente - IGEMA, La Paz	osm
22	-16.5012979	-68.1334103	Colegio de Arquitectos de Bolivia	osm
22	-16.5010182	-68.1254876	ABC Spanish Tuition, La Paz	osm
22	-16.5427116	-68.0817245	Vergara y Asociados S.A.	osm
22	-16.5002165	-68.1322468	Yacimientos Petrolíferos Fiscales Bolivianos, La Paz	osm
22	-16.5061914	-68.1304827	Tribunal Electoral Departamental de La Paz	osm
22	-16.5273782	-68.1480308	Mr. Pizza	osm
22	-16.5458964	-68.0757663	Embajada de China	osm
22	-16.4950686	-68.1339606	CIMFA Central - CNS, La Paz	osm
22	-16.4936851	-68.1343342	Instituto de Investigaciones Forenses, La Paz	osm
22	-16.4963249	-68.1346743	Alexander Coffee, La Paz	osm
22	-16.4992403	-68.1335684	Corporación Minera de Bolivia COMIBOL	osm
22	-16.5173064	-68.1542295	Taypi Uta	osm
22	-16.493467	-68.1398574	Banco Fie	osm
22	-16.4926741	-68.135237	FEPPA San Calixto, La Paz	osm
22	-16.525698	-68.1509604	Casa Parroquial San Pio X, Ciudad Satélite	osm
22	-16.4996393	-68.1719145	Gregoria Apaza	osm
22	-16.5117962	-68.153811	Express de Ketal, El Alto	osm
22	-16.5705214	-68.1861967	Punto Venta Urea	osm
22	-16.5087117	-68.1587921	EMAPA, El Alto	osm
22	-16.5289156	-68.149228	SAE S.R.L., El Alto	osm
22	-16.4989498	-68.1342985	Banco Nacional de Bolivia	osm
22	-16.4885166	-68.1412395	Bustillo SOB, La Paz	osm
22	-16.5280939	-68.1016317	REINNOVACION SRL	osm
22	-16.5279239	-68.1588269	Emaús San Vicente La Paz, Ciudad Satélite	osm
22	-16.5064329	-68.1615495	La Primera E.F.V.	osm
22	-16.5226204	-68.154588	SETEC Servicio Técnicos de Computadoras, Ciudad Satélite	osm
22	-16.4814382	-68.1215808	Consultorio Medico Fatima, La Paz	osm
22	-16.5220053	-68.1555707	Audio	osm
22	-16.5162533	-68.1659586	Pollos Copacabana, El Alto	osm
22	-16.505659	-68.1298114	Florería Pammelas	osm
22	-16.5233966	-68.1536947	SGLAB Laboratorio Calidad, Ciudad Satélite	osm
22	-16.511768	-68.1275662	Servicio Nacional del Sistema de Reparto, La Paz	osm
22	-16.4960373	-68.1323884	Librería Más Libros Más Libres, La Paz	osm
22	-16.5194724	-68.1534542	Taxi SUR, Ciudad Satélite	osm
22	-16.5446001	-68.076627	Farmacorp, La Paz	osm
22	-16.5391996	-68.0616085	Instituto de Electrónica Aplicada - IEA, La Paz	osm
22	-16.5378385	-68.0665252	Laboratorio de Calidad Ambiental - LCA, La Paz	osm
22	-16.5377093	-68.0666979	Centro de Análisis Espacial - CAE, La Paz	osm
22	-16.537716	-68.0672799	Instituto de Biología Molecular y Biotecnología, La Paz	osm
22	-16.5379134	-68.0675344	Instituto de Ecología - IE, La Paz	osm
22	-16.4929761	-68.1344328	Fundación Jesuitas de Bolivia, La Paz	osm
22	-16.4931113	-68.1424264	Chocolates Condor, La Paz	osm
22	-16.514292	-68.1290079	Embajada de Canadá, La Paz	osm
22	-16.4975827	-68.136268	Lotería Nacional de Beneficencia y Salubridad, La Paz	osm
22	-16.5384284	-68.063009	Instituto de Ensayo de Materiales - IEM, La Paz	osm
22	-16.4904267	-68.1252107	Asociación Colmena Juvenil	osm
22	-16.5305087	-68.0997289	Pollos Mayra	osm
22	-16.5411599	-68.0883741	BDO Bolivia, La Paz	osm
22	-16.5053016	-68.1292853	Biblioteca Gonzalo Bedregal Iturri	osm
22	-16.5299757	-68.1019779	Autoridad de Fiscalización del Juego	osm
22	-16.519668	-68.1523615	Digicorp, Villa Tejada Rectangular	osm
22	-16.4932381	-68.1443533	Laboratorios VITA, La Paz	osm
22	-16.5395433	-68.0881914	Embajada de Corea del Sur, La Paz	osm
22	-16.4997593	-68.1335048	JHIRAFAS, La Paz	osm
22	-16.510889	-68.1210458	MI TELEFERICO San Jorge-Blanca	osm
22	-16.5394923	-68.0678333	Dirección de Carrera Ingeniería Geográfica, La Paz	osm
22	-16.5382809	-68.0623343	Instituto en Investigaciones de Ingeniería Eléctrica - IIIE, La Paz	osm
22	-16.5383392	-68.0616304	Instituto de Investigaciones Industriales - III, La Paz	osm
22	-16.5240248	-68.1518062	Grupo Alfa Malaver, Ciudad Satélite	osm
22	-16.5240391	-68.1580907	Hostal Estrella del Sur, Ciudad Satélite	osm
22	-16.5000556	-68.1237116	Pollos Copacabana, La Paz	osm
22	-16.5311099	-68.1010442	EE.SS. Gascenter Seguencoma, La Paz	osm
22	-16.5384653	-68.0666214	Carrera de Física	osm
22	-16.4970229	-68.1386228	El Pueblito Coffee Restaurant, La Paz	osm
22	-16.4968494	-68.136818	La Casona Hotel Boutique, La Paz	osm
22	-16.5272415	-68.1481599	PASIÓN CRIOLLA	osm
22	-16.4879452	-68.1416691	Colmillo Blanco	osm
22	-16.5378959	-68.0597403	Instituto de Investigaciones y Aplicaciones Tecnológicas IIAT, La Paz	osm
22	-16.5388723	-68.0707255	Museo Nacional de Historia Natural, La Paz	osm
22	-16.538277	-68.0700488	Laboratorio de Óptica, La Paz	osm
22	-16.5116469	-68.1296058	Centro de Información - FFMV, La Paz	osm
22	-16.5382065	-68.0707985	Herbario Nacional de Bolivia (LPB), La Paz	osm
22	-16.5382693	-68.0699963	Complejo Astrofísico de Cota Cota, La Paz	osm
22	-16.5382431	-68.0700861	Museo Astronímico	osm
22	-16.5379919	-68.0697934	Astrocámara, La Paz	osm
22	-16.5379523	-68.0682046	Biblioteca Especializada Herbario Nacional de Bolivia, La Paz	osm
22	-16.537835	-68.066837	Fundación Para el Desarrollo de la Ecología FUND-ECO, La Paz	osm
22	-16.5382051	-68.066213	Instituto de Investigaciones Químicas - IIQ, La Paz	osm
22	-16.5212819	-68.1577413	RE/MAX, El Alto	osm
22	-16.5389263	-68.0631206	Dirección de carrera Ingeniería Mecánica y Electromecánica, La Paz	osm
22	-16.5388708	-68.0647637	Instituto de Investigación, Interacción Social y Posgrado - IIISP-TS, La Paz	osm
22	-16.5388693	-68.0647394	Instituto de Investigación, Posgrado e Interacción Social en Comunicación - IPICOM, La Paz	osm
22	-16.5387771	-68.0658131	Instituto de Investigación Consultoría y Servicios Turísticos - IICSTUR, La Paz	osm
22	-16.5390538	-68.0792497	Pollos Copacabana, La Paz	osm
22	-16.526931	-68.1418246	Casa Pasankeri, La Paz	osm
22	-16.5127834	-68.1602524	A.T.L. Araca	osm
22	-16.5128497	-68.1604431	ARACA	osm
22	-16.5046744	-68.1308602	Hotel El Dorado, La Paz	osm
22	-16.5388079	-68.0663367	Dirección de Carrera Ciencias Químicas, La Paz	osm
22	-16.5383338	-68.0680961	Biblioteca Especializada Ciencias Químicas, La Paz	osm
22	-16.5386112	-68.0663198	Instituto de Investigación Matemática - IIMAT, La Paz	osm
22	-16.5388614	-68.0663583	Instituto de Estadística Teórica y Aplicada - IETA, La Paz	osm
22	-16.5380153	-68.0685303	Instituto de Investigaciones Físicas IIF, La Paz	osm
22	-16.5458228	-68.0952983	U.E. Vida y Verdad, La Paz	osm
22	-16.5388349	-68.0663368	Dirección Académica Ciencias Químicas, La Paz	osm
22	-16.5379769	-68.068531	Dirección de Carrera Física, La Paz	osm
22	-16.5441417	-68.0904695	Embajada de Turquía	osm
22	-16.5221498	-68.206875	Instituto Tecnologico Sebastian Obermaier, El Alto	osm
22	-16.5445145	-68.0862585	Delegación de la Unión Europea, Calacoto	osm
22	-16.5377986	-68.0659147	Centro de Posgrado en Ecología y Conservación, La Paz	osm
22	-16.6544515	-68.2935899	HIS Hospital Viacha - CNS, Viacha	osm
22	-16.6542676	-68.294073	CMFA Policlínico Viacha - CNS, Viacha	osm
22	-16.4931662	-68.1432944	CIMFA Policlínico Manco Kapac - CNS, La Paz	osm
22	-16.5092882	-68.1258675	CIMFA Policlínico 9 de Abril - CNS, La Paz	osm
22	-16.5448019	-68.08171	HODE Instituto Boliviano de Rehabilitación - CNS, La Paz	osm
22	-16.4827187	-68.1206711	CIMFA Policlínico Villa Fátima - CNS, La Paz	osm
22	-16.5053116	-68.1310114	Hospital Geriátrico - CNS, La Paz	osm
22	-16.493589	-68.1433286	HODE Hospital Otorrino Oftalmológico - CNS, La Paz	osm
22	-16.5025434	-68.1203135	HODE Hospital Psiquiátrico - CNS, La Paz	osm
22	-16.5238275	-68.1514654	Radio Taxi Satélite	osm
22	-16.4997071	-68.1079322	SLIM Servicio Legal Integral Municipal, La Paz	osm
22	-16.4949586	-68.1398777	SLIM Servicio Legal Integral Municipal, La Paz	osm
22	-16.4976332	-68.1491444	SLIM Servicio Legal Integral Municipal, La Paz	osm
22	-16.5299222	-68.1023485	Servicio Legal Integral Municipal, La Paz	osm
22	-16.5005772	-68.1631223	Vías Bolivia, La Paz	osm
22	-16.5194671	-68.1162858	Radiotaxi Mallasa, La Paz	osm
22	-16.5141474	-68.1296805	OBSCD (Observatorio Boliviano de Seguridad Ciudadana y Lucha Contra las Drogas), La Paz	osm
22	-16.4962224	-68.1306703	Instituto Nacional de Estadística, La Paz	osm
22	-16.5037337	-68.1303374	SIB La Paz, La Paz	osm
22	-16.5079724	-68.1775665	TAB Cargo, El Alto	osm
22	-16.5450952	-68.0796194	Los Girasoles, La Paz	osm
22	-16.5444462	-68.0796264	DETEKTA S.R.L.	osm
22	-16.5449392	-68.0846212	IATEC S.A.	osm
22	-16.5103186	-68.1310708	El Museo Hotel Boutique, La Paz	osm
22	-16.511582	-68.1296481	Las Flaviadas - FFMV, La Paz	osm
22	-16.5705777	-69.0313885	Depósitos Aduaneros Bolivianos, Desaguadero	osm
22	-16.4993413	-68.1351979	Administradora Boliviana de Carreteras, La Paz	osm
22	-16.508158	-68.128369	Alianza Francesa	osm
22	-16.5205496	-68.1722623	Aduana Interior La Paz, El Alto	osm
22	-16.4916899	-68.1357273	Museo Costumbrista	osm
22	-16.5227907	-68.1118183	Universidad Católica Boliviana San Pablo, La Paz	osm
22	-17.186645	-68.4437918	Planta Hidrometalúrgica Lequelequeni	osm
22	-16.512357	-68.121729	Embajada Británica, La Paz	osm
22	-16.5429179	-68.0892746	American Cooperative School Calvert, La Paz	osm
22	-16.5368174	-68.0964681	Campo Ferial Chuquiago Marka, La Paz	osm
22	-16.5408982	-68.0965861	Académica Nacional de Policias, La Paz	osm
22	-16.4935618	-68.1327436	Hotel La Paz, La Paz	osm
22	-16.5409985	-68.0894871	Camino Real, La Paz	osm
22	-16.4842606	-68.1203697	Hospital Arco Iris	osm
22	-16.5034664	-68.1198764	Universidad Privada del Valle, La Paz	osm
22	-16.5406214	-68.0800315	La Paz	osm
22	-16.5427908	-68.0565887	Diverland, La Paz	osm
22	-16.5384953	-68.0801696	Burger King, La Paz	osm
22	-16.5382567	-68.080383	HIPERMAXI	osm
22	-16.4906029	-68.1431015	Industrias de Aceite FINO, La Paz	osm
22	-16.489752	-68.1433916	Cervecería Boliviana Nacional, La Paz	osm
22	-16.5286421	-68.1589275	Parroquia Don Bosco, El Alto	osm
22	-16.5432257	-68.0844015	Agencia Boliviana Espacial	osm
22	-16.5432182	-68.0769473	Fair Play	osm
22	-16.4949556	-68.140224	Fairplay	osm
22	-16.494482	-68.1351408	Museo de Etnografía y Folklore	osm
22	-16.5021245	-68.1242592	Total Radio Systems, La Paz	osm
22	-16.510191	-68.1585369	Sagrado Corazón de Jesús	osm
22	-16.5282002	-68.1040891	Don Pollo	osm
22	-16.5285883	-68.103082	World Vision, La Paz	osm
22	-16.5116796	-68.1217737	BCP	osm
22	-16.5315862	-68.073216	Farmacias Bolivia	osm
22	-16.5385838	-68.0811947	Bolivia	osm
22	-16.5776106	-68.1967133	Instituto Tecnológico Bolivia Mar, El Alto	osm
22	-16.5261342	-68.151308	Parroquia San Pio X, Municipio de El Alto	osm
22	-16.4887976	-68.1180426	Unidad Educativa Cristiano Vida Nueva	osm
22	-16.5235174	-68.1525725	Hotel Orquidea	osm
22	-16.5053467	-68.1265721	Universidad de Aquino Bolivia (UDABOL), La Paz	osm
22	-16.4880906	-68.1167654	CORINSA S.R.L., Nuestra Señora de La Paz	osm
22	-16.4609145	-68.147935	Servicio Departamental de Caminos La Paz, La Paz	osm
22	-16.5202237	-68.152328	way/530323457	osm
22	-16.5753244	-68.1270753	Universidad Privada Boliviana, La Paz	osm
22	-16.4979602	-68.1186355	PROMES, La Paz	osm
22	-16.5029913	-68.1740778	Museo Aeroespacial Fuerza Aérea Boliviana, El Alto	osm
22	-16.5254343	-68.1234262	Entidad Descentralizada Municipal de Maquinaria y Equipos de Mantenimiento, La Paz	osm
22	-16.5051394	-68.1286696	Palma Real Boutique Hotel, La Paz	osm
22	-16.558443	-68.0948997	Vivero de Aranjuez, La Paz	osm
22	-16.54896	-68.1768911	NIBOL, El Alto	osm
22	-16.5666389	-68.1032912	Pretensa	osm
22	-16.5141116	-68.1262836	Motel Turista	osm
22	-16.4992363	-68.1179773	Hospital Obrero N° 1	osm
22	-16.5710379	-69.0309759	Recinto Aduana Frontera Desaguadero, Desaguadero	osm
22	-16.5750159	-68.1959951	Dekma Bolivia, El Alto	osm
22	-16.5732245	-68.1940172	Sindan Organic, El Alto	osm
22	-16.5179053	-68.1566974	Estación de Servicio Civica San Pablo, El Alto	osm
22	-16.5129128	-68.1216654	Embajada de Estados Unidos, La Paz	osm
22	-16.5261178	-68.1501294	U. E. Pankarita Kindergarden, Ciudad Satélite	osm
22	-16.5456315	-68.2285125	Laboratorios Farmaceúticos LAFAR, El Alto	osm
22	-16.5514006	-68.2159738	Ransa Operador Logístico Bolivia, El Alto	osm
22	-16.5232051	-68.1579163	Estación de Servicio Dragón de Oro, El Alto	osm
22	-16.5083652	-68.1790374	Aeroplanta La Paz	osm
22	-16.5079075	-68.177453	Transportes Aéreos Bolivianos Cargo, El Alto	osm
22	-16.5313652	-68.1491963	Kinder Rayitos del Cielo, Ciudad Satélite	osm
22	-16.529365	-68.1003992	Estación de Servicio CarSur, La Paz	osm
22	-16.4670897	-68.152068	MILCAR, La Paz	osm
22	-16.5435411	-68.0914341	Embajada de Rusia, La Paz	osm
22	-16.542093	-68.0906558	Embajada de Uruguay, La Paz	osm
22	-16.542375	-68.0848321	Embajada de Ecuador, La Paz	osm
22	-16.5418998	-68.0841346	Embajada de México, La Paz	osm
22	-16.5631514	-68.1855853	Kennametal Bolivia, El Alto	osm
22	-16.5638503	-68.1853594	Fortress Enterprise - Volvo Americano, El Alto	osm
22	-16.4915602	-68.1166102	Hospital San Gabriel	osm
22	-16.5123212	-68.1284041	Universidad Nuestra Señora de La Paz, La Paz	osm
22	-16.5057749	-68.126764	Instituto Tecnico LIFE, La Paz	osm
22	-16.5382777	-68.0700474	La Paz	osm
22	-16.5390086	-68.0886141	Embajada de Irán, La Paz	osm
22	-16.6274696	-68.0528773	Casa de Campo Flor de Lis, La Paz	osm
22	-16.5992078	-68.2484274	Carsa, Viacha	osm
22	-16.4678613	-68.146125	PumaKatari - Plaza Alonzo de Mendoza → 7 Lagunas - VUELTA	osm
22	-16.5176032	-68.1302233	PumaKatari - Mercado Camacho → Rotonda Tupac Katari - VUELTA	osm
22	-16.4947492	-68.1127364	PumaKatari - Villa Salomé → Plaza Camacho - IDA	osm
22	-16.5153538	-68.1071865	PumaKatari - Irpavi II Calle D → Avenida Simon Bolivar - IDA	osm
22	-16.4818796	-68.1246091	PumaKatari - Calle Bueno → Plaza Alonzo de Mendoza - IDA	osm
22	-16.4818517	-68.1239427	PumaKatari - Plaza Alonzo de Mendoza → Calle Reyes Ortiz - VUELTA	osm
22	-16.494451	-68.1126549	PumaKatari - Plaza Camacho → Villa Salomé - VUELTA	osm
22	-16.5148942	-68.1056068	PumaKatari - Avenida Simon Bolivar → Irpavi II Calle D - VUELTA	osm
22	-16.5341891	-68.1248823	Parque Cementerio Los Andes, La Paz	osm
22	-16.5234054	-68.0846691	PumaKatari - Plaza Camacho → Chasquipampa - VUELTA	osm
22	-16.5235944	-68.0845724	PumaKatari - Chasquipampa → Plaza Camacho - IDA	osm
22	-16.521836	-68.0928062	PumaKatari - Achumani → San Pedro - IDA	osm
22	-16.5174717	-68.1318817	PumaKatari - Rotonda Tupac Katari → Mercado Camacho - IDA	osm
22	-16.4681804	-68.1464174	PumaKatari - 7 Lagunas → Plaza Alonzo de Mendoza - IDA	osm
22	-16.4887725	-68.1531605	PumaKatari - Avenida Montes → Cusicancha - IDA	osm
22	-16.4905105	-68.1531605	PumaKatari - Cusicancha → Avenida Montes - VUELTA	osm
22	-16.5574594	-68.0858313	PumaKatari - Irpavi → Mallasa - IDA	osm
22	-16.5577277	-68.0854578	PumaKatari - Mallasa → Irpavi - VUELTA	osm
22	-16.5217026	-68.0925417	PumaKatari - San Pedro → Achumani - VUELTA	osm
251	-17.9725507	-67.1045854	Banco Fie, Oruro	osm
251	-17.9615157	-67.1099344	Banco Fie, Oruro	osm
252	-17.97153	-67.0932	Oruro	itu+geonames:3909234
252	-17.9700073	-67.1151738	Hotel Edén, Oruro	osm
252	-17.9691144	-67.1100259	Hotel Arenales	osm
252	-17.9619966	-67.0998206	Cerveza Autentica Oruro	osm
252	-17.9695429	-67.1123295	CCS Computadoras	osm
252	-17.9708144	-67.1127742	Hotel Hidalgo, Oruro	osm
252	-17.9611368	-67.1048837	Arcangel Miguel	osm
252	-17.951404	-67.0929954	Hotel Oruro Royal	osm
252	-17.9588429	-67.1098052	Pollos Cosmos	osm
252	-17.9686687	-67.1117598	Grupo SION	osm
252	-17.9763603	-67.0847128	Home PC	osm
252	-17.9598075	-67.1112284	Sociedad de Ingenieros de Bolivia, Oruro	osm
252	-17.9702832	-67.1192847	San Silvestre, oruro	osm
252	-17.9469058	-67.107425	Mundo Canino	osm
252	-17.9693569	-67.1121239	Administración de Servicios Portuarios - Bolivia (ASP-B), Oruro	osm
252	-17.9724747	-67.1154532	Tribunal Electoral Departamental de Oruro	osm
252	-17.9704025	-67.1169072	Evangelico "William Booth"	osm
252	-17.9373306	-67.118254	LIMASOL S.R.L.	osm
252	-17.9714733	-67.117902	La Patria, Oruro	osm
252	-17.9721147	-67.1120891	Govinda	osm
252	-17.970742	-67.1127379	Hotel Houston, Oruro	osm
252	-17.9582443	-67.1065357	Administradora Boliviana de Carreteras, Oruro	osm
252	-17.9756748	-67.0636573	Companex Bolivia S.A., Oruro	osm
252	-17.96173	-67.1096366	SFIDA Invensiones, Oruro	osm
255	-18.90208	-66.77048	Challapata	itu+geonames:3921355
255	-18.289	-66.83583	Huanuni	itu+geonames:3914839
258	-18.42494	-66.57778	Llallagua	itu+geonames:3911409
259	-22.08659	-65.59422	Villazón	itu+geonames:3901501
259	-22.0903596	-65.5958961	Center Hotel	osm
259	-22.0851758	-65.5962982	Distribuidora Martínez, Villazon	osm
259	-22.0752144	-65.5955747	Recinto de Aduana de Frontera Villazón, Villazón	osm
259	-22.0812924	-65.5929872	Estación de Servicio Villazón, Villazón	osm
26	-19.58361	-65.75306	Potosí	itu+geonames:3907584
26	-21.44345	-65.71875	Tupiza	itu+geonames:3902202
26	-20.45967	-66.82503	Uyuni	itu+geonames:3901903
26	-20.4653201	-66.8251393	El Toñito Hotel, Uyuni	osm
26	-21.4448092	-65.7170109	Hostel Valle Hermoso	osm
26	-20.459193	-66.8204553	Jardines de Uyuni Hotel	osm
26	-20.4576023	-66.8179491	Farmavia 29 de Enero, Uyuni	osm
26	-20.4632068	-66.8231336	Hotel Julia, Uyuni	osm
26	-21.4459203	-65.7186817	Hostal ARAMAYO, Tupiza	osm
26	-19.5890179	-65.7541954	La Realeza	osm
26	-19.581286	-65.7521216	Salteñeria Los Escudos, Potosi	osm
26	-19.5700422	-65.767439	Tribunal Electoral Departamental de Potosí	osm
26	-19.5897012	-65.7537229	Gobierno Autónomo Municipal de Potosí, Potosí	osm
26	-19.589321	-65.7539857	Gobierno Autónomo Departamental de Potosí, Potosí	osm
26	-19.5919248	-65.7525021	Unidad Educativa Fray Oscar Mamani Mamani, Potosí	osm
26	-19.5884871	-65.7538709	Silver Tours	osm
26	-19.5774685	-65.7653899	Alojamiento La Moneda	osm
26	-19.5786294	-65.7652551	Alojamiento La Plata Inn	osm
26	-19.5905745	-65.7524474	Momo's, Potosí	osm
26	-19.5833735	-65.7562062	Luperia Hotel, Potosí	osm
26	-20.7644616	-67.3506081	Yacimientos de Litio Bolivianos, Llipi	osm
26	-20.4650496	-66.8243667	Eco Bubble Lavandería	osm
26	-19.5831965	-65.7580607	Administradora Boliviana de Carreteras, Potosí	osm
26	-20.4581497	-66.8175754	José Eduardo Perez	osm
26	-20.4638755	-66.8300574	Clínica Sumaj Rijchariy, Uyuni	osm
26	-20.4574846	-66.8186918	Samay Huasi, Uyuni	osm
26	-20.4576233	-66.8292773	Hospital Obrero No. 12, Uyuni	osm
26	-19.5773834	-65.7603182	Distrito Redes de Gas Potosí, Potosí	osm
26	-19.5824359	-65.7568524	Colegio Nacional Mixto Aniceto Arce	osm
26	-19.5816449	-65.7547385	Colegio Nacional Mixto Litoral, Potosí	osm
26	-19.581141	-65.7564601	Unidad Educativa San José A, Potosi	osm
26	-19.5874033	-65.751093	Colegio Nacional Juan Manuel Calero, Potosi	osm
26	-19.5873945	-65.7513543	Unidad Educativa José Alonso de Ibañez A, Potosi	osm
26	-19.5924724	-65.754704	Unidad Educativa Copacabana B	osm
26	-19.5818291	-65.7572675	Colegio Carlos Medinaceli, Potosí	osm
26	-19.5827187	-65.7521868	Unidad Educativa Cristo Maestro, Potosi	osm
26	-19.5792539	-65.7511373	Escuela Daniel Campos A, Potosi	osm
26	-19.5892652	-65.75651	Hotel Santa Teresa, Potosí	osm
26	-19.5885214	-65.7529676	Colegio Nacional Pichincha	osm
26	-19.5892017	-65.7548189	Colegio Santa Rosa A	osm
26	-19.5882641	-65.7542076	Casa Nacional de Moneda de Bolivia	osm
28	-15.83403	-67.56586	Caranavi	itu+geonames:3922037
28	-16.1699	-69.07919	Copacabana	itu+geonames:3919189
28	-17.23611	-67.91443	Patacamaya	itu+geonames:3908339
28	-16.1635427	-69.0895538	La Cúpula	osm
28	-16.1679677	-69.0853867	Sonia, Copacabana	osm
28	-15.8326538	-67.565108	Banco Ecofuturo, Caranavi	osm
28	-16.1653752	-69.0898274	Quechua's, Copacabana	osm
28	-16.1653623	-69.0899612	Brisas del Titicaca, Copacabana	osm
28	-16.1655971	-69.0867169	Alax Pacha Resto Bar	osm
28	-15.8199367	-67.562343	Hogar Casa de Esperanza, Caranavi	osm
33	-17.91537	-64.53163	Comarapa	itu+geonames:3919703
33	-17.81667	-63.05	Cotoca	itu+geonames:3918937
33	-18.05608	-63.42788	Jorochito	itu+geonames:3913271
33	-17.89274	-63.29248	La Guardia	itu+geonames:3912196
33	-17.88093	-62.9414	Paurito	itu+geonames:3908263
33	-17.85451	-63.30885	Porongo	itu+geonames:12522141
33	-18.152	-63.49234	San Luis	itu+geonames:3905383
33	-17.78629	-63.18117	Santa Cruz de la Sierra	itu+geonames:3904906
33	-18.08464	-63.45001	Tiquipaya	itu+geonames:12522194
33	-17.64476	-63.13536	Viru Viru (airport)	itu+geonames:6300793
33	-17.7787997	-63.193892	Centro Nacional de Enfermedades Tropicales (Cenetrop), Santa Cruz de la Sierra	osm
33	-17.8041009	-63.1705084	Odontoclínica Integral, Santa Cruz de la Sierra	osm
33	-16.3472397	-60.96046	Frigorifico BFC S.A., San Ignacio de Velasco	osm
33	-17.7773001	-63.1424979	Plaza Hipermercado, Santa Cruz	osm
33	-17.7817694	-63.1807405	GeoGroup, Santa Cruz de la Sierra	osm
33	-17.757036	-63.1840083	ITSE, Santa Cruz de la Sierra	osm
33	-17.7961947	-63.1695806	Hostal Jodanga, Santa Cruz de la Sierra	osm
33	-17.7661655	-63.2003348	Colegio de Auditores y Contadores Públicos de Santa Cruz, Santa Cruz de la Sierra	osm
33	-17.7625476	-63.1871712	Sisteseg Group, Santa Cruz	osm
33	-17.7940764	-63.1961816	dataline, Santa Cruz de la Sierra	osm
33	-17.8078528	-63.2058303	Aqua Garden, Santa Cruz de la Sierra	osm
33	-17.7202734	-63.1625419	Opal, Santa Cruz de la Sierra	osm
33	-17.7763647	-63.1839224	Tribunal Electoral Departamental de Santa Cruz	osm
33	-17.7770085	-63.1833365	Mertind Ltda.	osm
33	-17.7725344	-63.1832974	Comité Pro Santa Cruz, Santa Cruz de la Sierra	osm
33	-17.7977549	-63.1833346	Netpizza Pizza	osm
33	-17.7762262	-63.1657785	Instituto Nacional de Estadística, Santa Cruz de la Sierra	osm
33	-17.7506666	-63.2164223	Colinas del Urubo	osm
33	-17.7974089	-63.1922374	Techo Ciudad Urupé	osm
33	-16.907647	-62.6132777	Sand Agro	osm
33	-17.7720006	-63.1544276	Farmacia Argentina	osm
33	-17.7648278	-63.1245269	Gavadent Clinica Dental	osm
33	-17.7736024	-63.1787869	node/4376122194	osm
33	-17.7776975	-63.1836802	Notaría Nº 84, Santa Cruz de la Sierra	osm
33	-17.7822511	-63.1826851	Barcelona, Santa Cruz de la Sierra	osm
33	-17.7932525	-63.1852618	Restaurant Palacio del Dragón, Santa Cruz de la Sierra	osm
33	-17.7842098	-63.1880038	Instituto Superior Capses	osm
33	-17.7539041	-63.190165	Blindex SRL, Vidrio Templado & Aluminio, Santa Cruz de la Sierra	osm
33	-17.7949938	-63.1926286	Banco Económico, Santa Cruz de la Sierra	osm
33	-17.7539707	-63.1593893	Tuo Cane	osm
33	-17.8087984	-63.2112435	EE.SS. Dávila, Santa Cruz de la Sierra	osm
33	-17.770454	-63.1571195	EE.SS. Paraguá Z&Z Ltda., Santa Cruz	osm
33	-17.8231194	-63.1836354	PROYEMAD	osm
33	-17.7521111	-63.1888216	Jerjes Justiniano Atala y Asociados	osm
33	-17.7828159	-63.1804595	Capress, Santa Cruz de la Sierra	osm
33	-17.8058891	-63.1740894	Heliamerica	osm
33	-17.7296599	-63.154181	IMGLASS	osm
33	-17.8410466	-63.1859218	G&C	osm
33	-17.7803313	-63.2163076	Lubricom	osm
33	-17.7805745	-63.189827	Marroquinería EL&ELLA	osm
33	-17.7860091	-63.2130777	Administradora Boliviana de Carreteras, Santa Cruz de la Sierra	osm
33	-17.7625551	-63.1833193	Defensoria de la Niñez y Adolescencia, Santa Cruz de la Sierra	osm
33	-17.7547222	-62.995701	Buen Gusto	osm
33	-17.8010941	-63.1716915	Clínica El Trompillo, Santa Cruz de la Sierra	osm
33	-17.7586908	-63.1286651	Sauna Piscina Agua y Sol	osm
33	-17.774119	-63.1786905	Servicio Nacional de Propiedad Intelectual - SENAPI, Santa Cruz de la Sierra	osm
33	-17.8210642	-63.2197844	UNITEL Canal 9, Santa Cruz de la Sierra	osm
33	-17.7023969	-63.1638664	U.E. Cambridge College, Santa Cruz de la Sierra	osm
33	-17.7850436	-63.1369029	Terminal de Carga Guaracachi	osm
33	-17.7651291	-63.1693183	Pitukas Alta Peluquería	osm
33	-17.7894495	-63.1832976	Backpackers Apart & Suites	osm
33	-17.7653765	-63.2379755	Emperador Urubó, Municipio Porongo (Ayacucho)	osm
33	-17.7711054	-63.1793784	Sarai	osm
33	-17.7623155	-63.1587648	M y E eventos	osm
33	-17.7515607	-63.2164099	Inmobiliaria UBC	osm
33	-17.7907716	-63.1486068	BOLTOP Servicio Automotor	osm
33	-17.7761758	-63.1734491	Farmacia Ana + Rosa	osm
33	-17.760257	-63.1783955	BOTO	osm
33	-17.7889091	-63.1881141	BOTO	osm
33	-17.7801265	-63.1904182	Komibol	osm
33	-17.7765967	-63.1753503	Consultorio Medico Genesis, Santa Cruz de la Sierra	osm
33	-17.7549907	-63.1999299	FairPlay	osm
33	-17.7659212	-63.1865565	Dirección General de Sustancias Controladas, Santa Cruz de la Sierra	osm
33	-17.7735658	-63.1580547	Eduardo Siles	osm
33	-17.550479	-63.8679594	Mataracu Tent Camp, Villa Imperial	osm
33	-17.7824332	-63.1734917	Aparta-Hotel Villa Magna, Santa Cruz de la Sierra	osm
33	-17.7518786	-63.1556126	Adilub Santa Cruz, Santa Cruz de la Sierra	osm
33	-17.5959155	-62.6776363	EE.SS. 3F OIL, Cruce Paraiso	osm
33	-17.7921696	-63.1987823	Salteñería Los Castores (Sucursal 1), Santa Cruz de la Sierra	osm
33	-17.7848671	-63.1808962	Impuestos Nacionales, Santa Cruz de la Sierra	osm
33	-17.8115785	-63.1528344	Lamso Servicios de Ingenieria y Gestion Srl, Santa Cruz de la Sierra	osm
33	-17.7829102	-63.1831704	Joyería Andrea, Santa Cruz de la Sierra	osm
33	-17.7525698	-63.1445058	Icom Srl, Santa Cruz de la Sierra	osm
33	-17.7715762	-63.1253623	PC Enterprise Solutions	osm
33	-17.8428094	-63.1897461	Radio Movil Urbari	osm
33	-18.1766473	-63.856876	Emperador Cabañas, Samaipata	osm
33	-18.1761607	-63.8589071	El Timboy, Samaipata	osm
33	-17.7895673	-63.1788286	HOTEL ASTURIAS	osm
33	-17.7357295	-63.1588078	Franecar SRL	osm
33	-17.7849554	-63.1932634	Laboratorios IFARBO	osm
33	-17.8131684	-63.1802335	Centro Familiar de Adoración	osm
33	-17.7601312	-63.1695259	Cloudbit	osm
33	-17.7458862	-63.1598315	Matservice Petroleo, Santa Cruz de la Sierra	osm
33	-17.7505196	-63.1778422	AMI Jardín de Infantes SRL	osm
33	-17.8059415	-63.1884896	Alca Group	osm
33	-17.8050825	-63.2002893	Hidraman	osm
33	-17.8055107	-63.2006507	Importadora Aviles	osm
33	-17.7832307	-63.1771452	Dirección General de Migración (DIGEMIG)	osm
33	-17.7380138	-63.177824	Biotermas Copacabana	osm
33	-17.7053996	-63.1579411	Industrias Kral - Brixy, Santa Cruz de la Sierra	osm
33	-17.7982981	-63.1791688	The Dubliner, Santa Cruz de la Sierra	osm
33	-17.7798132	-63.1834756	Administración de Servicios Portuarios - Bolivia (ASP-B), Santa Cruz de la Sierra	osm
33	-17.7710726	-63.1250802	Clínica Buena Salud, Santa Cruz de la Sierra	osm
33	-17.7651673	-63.1243014	Centro de Salud San Martin, Santa Cruz de la Sierra	osm
33	-17.7828676	-63.1637583	Clinica Medica Viara Srl, Santa Cruz de la Sierra	osm
33	-17.7962419	-63.166833	Prowanautica, Santa Cruz	osm
33	-17.7563448	-63.1811416	Oficina de Correos, Santa Cruz de la Sierra	osm
33	-17.7503261	-63.178028	Horneados Unicos de Luz Marina, Santa Cruz de la Sierra	osm
33	-17.7551536	-63.1366353	Grupo Landívar S.A.	osm
33	-17.754437	-63.1373592	Droguería INTI	osm
33	-17.8336694	-63.2323634	SAExploration S.A. Suc. Bolivia	osm
33	-17.8208304	-63.2195873	UNITEL Canal 9	osm
33	-17.7833993	-63.1872739	Comercial Atala	osm
33	-17.7833319	-63.1872612	Hotel Sarah	osm
33	-17.7966995	-63.1925232	Residencial Buenos Aires, Santa Cruz de la Sierra	osm
33	-17.7854557	-63.1629028	Agencia Despachante de Aduanas Los Ángeles S.R.L	osm
33	-17.8299324	-63.1740686	Servicio Técnico de Computadoras J&J	osm
33	-17.7838979	-63.217117	Edificio Administrativo Sofia, Santa Cruz de la Sierra	osm
33	-17.8045186	-63.1980157	Rectificaciones Cordova, Santa Cruz de la Sierra	osm
33	-17.7907463	-63.1642829	Residencial Las Tablitas II, Santa Cruz de la Sierra	osm
33	-17.7759396	-63.1491856	Luminatek, Santa Cruz de la Sierra	osm
33	-17.7657804	-63.1817764	Multipartes Santa Cruz S.R.L., Santa Cruz de la Sierra	osm
33	-17.80717	-63.2123098	Lacteos Trebol, Santa Cruz de la Sierra	osm
33	-17.7678622	-63.1873457	IMPERAGRO SRL	osm
33	-17.7607316	-63.2017832	Andes Films S.A., Santa Cruz de la Sierra	osm
33	-17.7870789	-63.1819496	Cosmopolitano Hotel Boutique	osm
33	-17.7488587	-63.0996831	Ceo Clinica Dental Comunitaria, Santa Cruz de la Sierra	osm
33	-17.8529145	-63.1792857	U.E. Angelina Ribera, Santa Cruz de la Sierra	osm
33	-17.7969111	-63.132053	Sinai Electric, Santa Cruz de la Sierra	osm
33	-17.7449313	-63.1491956	Tienda F.S., Santa Cruz de la Sierra	osm
33	-17.7446418	-63.1496319	Tienda P.C., Santa Cruz de la Sierra	osm
33	-17.7295933	-63.141175	node/10748898005	osm
33	-17.7479613	-63.1560652	node/10751545606	osm
33	-17.7816945	-63.1821199	Argenper S.R.L., Santa Cruz de la Sierra	osm
33	-17.7915174	-63.1836106	Odontowolff, Santa Cruz de la Sierra	osm
33	-17.7803491	-63.1500989	Distribuidora de GLP "SOPESE S.R.L", Santa Cruz de la Sierra	osm
33	-17.9111136	-63.1600042	CEASIP (Centro de Ecologia Aplicada Simon Iturri Patiño), Municipio Santa Cruz de la Sierra	osm
33	-17.7781314	-63.1733512	Servicios Veterinarios Fortaleza, Santa Cruz de la Sierra	osm
33	-17.7783425	-63.1735261	Ferreteria Trinidad, Santa Cruz de la Sierra	osm
33	-17.957218	-63.2373862	Frigorifico del Sur, Pedro Lorenzo	osm
33	-17.8790579	-63.1847487	BolDrill, Municipio Santa Cruz de la Sierra	osm
33	-17.8466401	-63.2092517	EE.SS. Gazel Srl., Santa Cruz de la Sierra	osm
33	-17.7625823	-63.2339909	Jardines del Urubo S.A., Municipio Porongo (Ayacucho)	osm
33	-17.8174972	-63.2137729	La Luna	osm
33	-17.809702	-63.2116935	Colegio Internacional Bilingue Santa Cruz, Santa Cruz de la Sierra	osm
33	-17.7406437	-63.222558	Saint Francis Urubó school, Urubo	osm
33	-17.755252	-63.1983143	Igeo, Santa Cruz de la Sierra	osm
33	-17.7956155	-63.2073055	Farmacia Heredia, Santa Cruz de la Sierra	osm
33	-17.7820301	-63.1774443	CPT Vegetariano	osm
33	-17.5895412	-62.6707904	Radio Transmundial Bolivia 100.3, Cruce Paraiso	osm
33	-17.7684035	-63.2476056	Hotel Güembé, Los Batos	osm
33	-17.7197011	-63.1692576	Colegio Mayor San Lorenzo, Santa Cruz de la Sierra	osm
33	-17.7841197	-63.2087403	Feria Exposición Santa Cruz, Santa Cruz de la Sierra	osm
33	-17.8186609	-63.1594191	Compañía Industrial Azucarera San Aurelio, Santa Cruz de la Sierra	osm
33	-17.7842971	-63.2134468	Hotel Buganvillas, Santa Cruz de la Sierra	osm
33	-17.7683388	-63.2018602	Universidad de Aquino Bolivia, Santa Cruz de la Sierra	osm
33	-17.8776179	-63.279768	Planta La Guardia, La Guardia	osm
33	-17.7689416	-63.1830066	Universidad Nur, Santa Cruz	osm
33	-17.7967415	-63.1596899	IGM Santa Cruz, Santa Cruz	osm
33	-17.6319059	-62.3551549	Cargill Bolivia S.A. - Silo Tres Cruces	osm
33	-17.7544487	-63.1996961	Ventura Mall, Santa Cruz de la Sierra	osm
33	-17.8773864	-63.2002061	Refinería Guillermo Elder Bell, Santa Cruz de la Sierra	osm
33	-17.768087	-63.2497104	Biocentro Güembé, Los Batos	osm
33	-16.8594013	-63.2800981	Ingenio Sucroalcoholero Aguaí, Aguahi	osm
33	-17.7913382	-63.1816841	Ralph Lauren, Santa Cruz de la Sierra	osm
33	-17.5402931	-63.1620944	Planta de Extracción Warnes	osm
33	-17.7679029	-63.236586	Urbanización Arelis	osm
33	-17.7844471	-63.1812523	Hotel Milan, Santa Cruz de la Sierra	osm
33	-17.7374388	-63.1706788	Cosphul, Santa Cruz de la Sierra	osm
33	-17.7253824	-63.1652539	Farmacorp	osm
33	-17.7234758	-63.1644514	Alicorp (Aceites FINO), Santa Cruz de la Sierra	osm
33	-17.6984595	-63.1585877	Metal-Mec Construcciones Metalicas, Santa Cruz de la Sierra	osm
33	-17.7771744	-63.1293266	Almacenera Boliviana, Santa Cruz de la Sierra	osm
33	-17.8067702	-63.2128813	Aceros Monterrey	osm
33	-17.7541242	-63.1762657	Beicruz S.A., Santa Cruz de la Sierra	osm
33	-17.7293693	-63.1557436	Trans Salvatierra S.R.L.	osm
33	-17.7635967	-63.180988	Hansa	osm
33	-17.7855935	-63.1815014	Hotel Italia, Santa Cruz de la Sierra	osm
33	-17.7903099	-63.2108155	Fundación Niño Feliz, Santa Cruz de la Sierra	osm
33	-17.7715363	-63.1922859	Huawei	osm
33	-17.7617408	-63.1905098	Rodaria Ltda.	osm
33	-17.7850139	-63.1935699	Eliot Implant Center	osm
33	-17.7500394	-63.1791823	Rau Motors, Santa Cruz de la Sierra	osm
33	-17.77884	-63.1753333	Alojamiento Pailon, Santa Cruz de la Sierra	osm
33	-17.7788085	-63.175256	Alojamiento 8 de Diciembre, Santa Cruz de la Sierra	osm
33	-17.6099048	-62.683022	Rico IOL Centro de Acopio de Granos de Soya y Girasol, Nueva Belen	osm
33	-17.9635308	-62.9644262	Refinería Oro Negro	osm
33	-17.7810869	-63.1606282	O&C Ingeniería y Representaciones SRL, Santa Cruz	osm
33	-17.7603361	-63.1334624	Industria Ferrotodo, Santa Cruz de la Sierra	osm
33	-17.7851164	-63.1367923	Terminal de Carga Guaracachi, Santa Cruz de la Sierra	osm
33	-17.8055028	-63.1193987	Tecnicas CB, Santa Cruz de la Sierra	osm
33	-17.7633769	-63.1456745	Companex, Santa Cruz de la Sierra	osm
33	-15.7904723	-62.9249075	Aserradero La Chonta, La Chonta	osm
33	-17.740514	-63.1403672	Cervecería Unión, Santa Cruz de la Sierra	osm
33	-17.7510841	-63.216602	Radisson Hotel Santa Cruz	osm
33	-17.7517191	-63.2165627	Urubo Business Center, Urubo	osm
33	-18.1578936	-63.8133567	Achira Sierra Resort, Achira	osm
33	-17.7911947	-63.1938885	Hormipret SRL, Santa Cruz de la Sierra	osm
33	-17.8811468	-62.9414382	Sub Alcaldía del Distrito Municipal 14, Paurito	osm
33	-17.6413723	-62.8184823	Sub Alcaldía del Distrito Municipal 15, Montero Hoyo	osm
33	-17.8385402	-63.2377336	Nitroair Bolivia, Santa Cruz de la Sierra	osm
33	-17.7950242	-63.1354983	Banco Sol	osm
33	-17.8020754	-63.1834986	C.S. Elvira Wunderlich, Santa Cruz de la Sierra	osm
33	-17.7403757	-62.9338346	Coinco-Bol Ltda, La Enconada	osm
33	-17.7441715	-62.9501261	Frigodecca S.A., Campanero	osm
33	-17.7700151	-63.1274169	Frigorífico Municipal Pampa de la Isla, Santa Cruz de la Sierra	osm
33	-17.7043659	-63.1276527	Gran Sonilum, Santa Cruz de la Sierra	osm
33	-17.7768032	-63.1383352	Cobocaucho, Santa Cruz de la Sierra	osm
33	-17.789771	-63.1807323	Salteñas Potosinas, Santa Cruz de la Sierra	osm
33	-17.701164	-63.1494244	Weidling, Santa Cruz de la Sierra	osm
33	-17.6985477	-63.159142	Metal-Mec Construcciones Metalicas, Santa Cruz de la Sierra	osm
33	-17.6991072	-63.159254	Fabrica de Hormigón Koncreto S.A.	osm
33	-17.6972505	-63.1586583	Exprinter Liftvans Bolivia, Santa Cruz de la Sierra	osm
33	-17.6968374	-63.1587111	STS Bolivia Limitada, Santa Cruz de la Sierra	osm
33	-17.6966145	-63.1584432	STS Bolivia Limitada, Santa Cruz de la Sierra	osm
33	-17.5915584	-61.9912875	CAT Mainter Pozo del Tigre, Pozo del Tigre	osm
33	-17.7433483	-63.1381495	Constructora Felsen Bau, Santa Cruz de la Sierra	osm
33	-17.8705548	-63.1886531	Agrocentro	osm
33	-17.7737214	-63.1796954	Branlex - Edificio Sumuque	osm
33	-17.5421099	-63.1265152	Parque Industrial Latinoamericano, Warnes	osm
33	-17.7830661	-63.1802521	Museo El Altillo Beni, Santa Cruz de la Sierra	osm
33	-17.6259902	-62.3037276	Silo Tres Cruces - Cereales del Este S.A.	osm
33	-17.7647664	-63.2023309	Hotel Sirari, Santa Cruz de la Sierra	osm
33	-17.8905007	-63.1965462	DISCAR, Santa Cruz de la Sierra	osm
33	-17.7663842	-63.1446426	Minoil, Santa Cruz de la Sierra	osm
33	-17.7762843	-63.1945405	Universidad Autónoma Gabriel René Moreno, Santa Cruz de la Sierra	osm
34	-14.9947	-65.64074	San Ignacio de Moxos	itu+geonames:3905660
34	-13.74406	-65.42688	Santa Ana de Yacuma	itu+geonames:3905007
34	-14.83223	-64.90335	Trinidad	itu+geonames:3902377
34	-15.2632999	-65.9754737	San José del Cavitu	osm
34	-14.8306029	-64.9016721	Instituto Nacional de Estadística, Trinidad	osm
34	-13.7443211	-65.4273159	Comercial IAN NOA	osm
34	-14.8310946	-64.9031776	Hamburguesas del Aguila, Trinidad	osm
34	-14.8282221	-64.9006283	Tribunal Electoral Departamental de Beni	osm
34	-14.8448433	-64.9056142	Administradora Boliviana de Carreteras, Trinidad	osm
34	-14.8344882	-64.9048495	HONDA PRADA REPRESENTACIONES, Trinidad	osm
382	-14.2952	-67.33624	Reyes	itu+geonames:3906478
384	-11.02671	-68.76918	Cobija	itu+geonames:3919998
384	-11.0183984	-68.757054	Deluxe Import Export	osm
384	-11.0253402	-68.7652379	Dirce Import Export	osm
384	-11.0187823	-68.7553787	Comercial JB	osm
384	-11.0282699	-68.7575805	Tribunal Electoral Departamental de Pando	osm
384	-11.0226702	-68.7585826	Administradora Boliviana de Carreteras, Cobija	osm
384	-11.0251441	-68.7626721	Instituto Nacional de Estadística, Cobija	osm
385	-10.8258	-65.3581	Guayaramerín	itu+geonames:3915350
385	-11.01026	-66.05257	Riberalta	itu+geonames:3906466
385	-10.9968837	-66.0747211	Sinai Tours, Riberalta	osm
385	-10.9984503	-66.0713663	Hotel Campos, Riberalta	osm
385	-10.998623	-66.0743405	Hotel Jomali	osm
385	-11.0026192	-66.0636933	Hotel Perla Amazónica, Riberalta	osm
385	-10.9948605	-66.0640257	Green Forest Products, Riberalta	osm
388	-13.25913	-64.0532	Magdalena	itu+geonames:3910919
389	-14.44125	-67.52781	Rurrenabaque	itu+geonames:3906209
389	-14.85195	-66.74954	San Borja	itu+geonames:11467676
389	-14.4375862	-67.5275753	El Curichal Hostel	osm
389	-14.8578814	-66.74973	Hotel El Bosque	osm
389	-14.4424469	-67.5303469	Berraco del Madidi	osm
389	-14.4399319	-67.5290634	Farmacia Chelín, Rurrenabaque	osm
389	-14.4368649	-67.5274161	Hotel Maya, Rurrenabaque	osm
39	-15.89299	-63.18855	Ascensión de Guarayos	itu+geonames:9129422
39	-17.12585	-63.43532	Azubi	itu+geonames:3923593
39	-17.4583	-63.67126	Buena Vista	itu+geonames:3922965
39	-20.04063	-63.52396	Camiri	itu+geonames:3922414
39	-16.97354	-63.22135	Chané Independencia	itu+geonames:8521810
39	-19.79028	-63.19775	Charagua	itu+geonames:3921141
39	-16.13155	-62.02821	Concepción	itu+geonames:3919353
39	-17.2672	-62.5589	Cuatro Cañadas	itu+geonames:8335389
39	-19.42336	-63.52926	Gutiérrez	itu+geonames:3915318
39	-16.65943	-63.54626	Hardeman	itu+geonames:12521317
39	-17.55	-63.21667	La Bélgica	itu+geonames:3912418
39	-17.07201	-63.48347	Loma Alta	itu+geonames:13452062
39	-17.29168	-63.01792	Los Chacos	itu+geonames:12520823
39	-18.1199	-63.96058	Mairana	itu+geonames:3910901
39	-17.11918	-63.23226	Mineros	itu+geonames:3910343
39	-17.33874	-63.25093	Montero	itu+geonames:3910027
39	-17.21889	-62.89528	Okinawa 1	itu+geonames:12522475
39	-17.4	-62.9	Okinawa 2	itu+geonames:3919790
39	-17.53117	-62.92377	Okinawa 3	itu+geonames:3919789
39	-17.35374	-63.39571	Portachuelo	itu+geonames:3907646
39	-17.01007	-63.2279	Puerto Fernández (Fernández Alonso)	itu+geonames:3907158
39	-19.00279	-57.71784	Puerto Quijarro	itu+geonames:3444510
39	-18.96722	-57.80127	Puerto Suárez	itu+geonames:3444199
39	-18.33473	-59.76142	Roboré	itu+geonames:3444176
39	-16.84812	-63.43104	Sagrado Corazón	itu+geonames:3906145
39	-18.17754	-63.87563	Samaipata	itu+geonames:3905951
39	-16.37767	-60.96472	San Ignacio de Velasco	itu+geonames:3905658
39	-16.27491	-62.50354	San Javier	itu+geonames:3905621
39	-17.84615	-60.74204	San José de Chiquitos	itu+geonames:3905542
39	-17.29182	-63.85166	San Juan de Yapacaní	itu+geonames:12504948
39	-16.91156	-62.61889	San Julián	itu+geonames:12521636
39	-16.3597	-58.40039	San Matías	itu+geonames:3444105
39	-16.6986	-60.9681	San Miguel de Velasco	itu+geonames:8335406
39	-16.8265	-63.48214	San Pedro	itu+geonames:3905156
39	-16.78667	-60.67438	San Rafael de Velasco	itu+geonames:12516134
39	-16.61423	-62.50082	San Ramón	itu+geonames:8521789
39	-17.39585	-63.82739	Santa Fe de Yapacaní	itu+geonames:3919436
39	-18.48887	-64.10827	Vallegrande	itu+geonames:3901874
39	-17.5163	-63.16778	Warnes	itu+geonames:3901301
39	-17.40168	-63.90983	Yapacaní	itu+geonames:13451855
39	-18.1779982	-63.8727099	Hotel Residencial Don Ysidro, Samaipata	osm
39	-18.1762982	-63.8761046	Hotel La Posada del Sol, Samaipata	osm
39	-18.1876715	-63.8781243	Cabañas de Traudi, Samaipata	osm
39	-16.7882901	-60.6745452	San Rafael, San Rafael de Velasco	osm
39	-17.3456851	-63.2629454	Consejo de Salud Rural Andino - Centro de Salud Cruz Roja, Montero	osm
39	-18.1800373	-63.877214	Hotel Casa Blanca, Samaipata	osm
39	-18.4926604	-64.1072777	Hostal Mexico Lindo, Vallegrande	osm
39	-18.4878105	-64.1077098	Hostal Juanita, Vallegrande	osm
39	-17.4548783	-63.6603045	Quesería Suiza	osm
39	-18.332108	-59.7576964	Hotel Pacheco	osm
39	-18.4898478	-64.108467	Alojamiento Pinto, Vallegrande	osm
39	-17.3479221	-63.2573554	Alojamiento Palma	osm
39	-18.4875009	-64.1063824	Hotel Solar, Vallegrande	osm
39	-18.4901659	-64.1079964	Hostal Kostka, Vallegrande	osm
39	-18.1789833	-63.8733116	Hostal Andoriña, Samaipata	osm
39	-17.3077464	-63.2628284	Flia. OCHOA PEDRAZA	osm
39	-17.3439474	-63.2582558	Biblioteca Municipal	osm
39	-17.3438201	-63.258113	Buenas Practiacas Laborales	osm
39	-17.3435371	-63.2583002	Unión de Cañeros Guabira	osm
39	-17.3438547	-63.258254	Radio Norte La Voz del Cañero	osm
39	-18.4902782	-64.1060254	Hotel Santa Cruz, Vallegrande	osm
39	-18.1768397	-63.8727011	La Vida es Bella, Samaipata	osm
39	-18.1782195	-63.8727625	Restaurante Latina Cafe, Samaipata	osm
39	-18.4905032	-64.1082901	Residencial Teresita, Vallegrande	osm
39	-18.491187	-64.1068406	Farmacia Futura, Vallegrande	osm
39	-18.492341	-64.1084808	Plaza Pueblo Hotel Restaurant, Vallegrande	osm
39	-18.4935735	-64.1062982	Hostal El Marques, Vallegrande	osm
39	-18.4904068	-64.1061943	Residencial Florida, Vallegrande	osm
39	-18.4902885	-64.1082383	Farmacia Calle Señor de Malta, Vallegrande	osm
39	-18.4901651	-64.108131	Hostal Copacabana, Vallegrande	osm
39	-19.7917074	-63.2008491	Residencial Luismar, Charagua	osm
39	-18.9615093	-57.7971303	Servicio Nacional del Sistema de Reparto, Puerto Suárez	osm
39	-20.0328309	-63.5277923	Facultad Integral del Chaco, Camiri	osm
39	-18.1883736	-63.8797488	La Víspera, Samaipata	osm
39	-17.3373682	-63.2486735	Consejo de Salud Rural Andino - Centro de Salud Villa Cochabamba, Montero	osm
39	-17.3366057	-63.2696084	Fundación Rosa Vera - La Escuelita Mi Hogar, Montero	osm
39	-18.1238154	-63.9596754	Hospital De Mairana	osm
44	-17.38195	-66.15995	Cochabamba	itu+geonames:3919968
44	-17.39228	-66.27838	Quillacollo	itu+geonames:3906791
44	-17.3944591	-66.1572548	Farmacia Boliviana, Cochabamba	osm
44	-17.37331	-66.1528073	Eli’s Pizza Express & Fast Food, Cochabamba	osm
44	-17.9434065	-65.3418492	Hotel Victoria, Mizque	osm
44	-17.9408029	-65.3420226	Hotel Boutique Mizque, Mizque	osm
44	-17.9436003	-65.3389117	Hotel Bolivia, Mizque	osm
44	-18.2007513	-65.1790577	Gobierno Autónomo Municipal de Aiquile, Aiquile	osm
44	-16.9779943	-65.4263571	Unidad de Tránsito de Villa Tunari, Villa Tunari	osm
44	-17.3837251	-66.1582771	Los Castores, Cochabamba	osm
44	-17.3874709	-66.156328	Heladería Dumbo, Cochabamba	osm
44	-17.3725261	-66.1593419	Doña Pola, Cochabamba	osm
44	-17.3876468	-66.1562881	Almanza, Cochabamba	osm
44	-17.3887997	-66.1549365	Almanza, Cochabamba	osm
44	-17.3764902	-66.1567376	Almanza, Cochabamba	osm
44	-17.3969168	-66.1534516	Almanza, Cochabamba	osm
44	-17.3883625	-66.1800914	Almanza, Cochabamba	osm
44	-17.3909296	-66.1489847	Almacén Pasteur, Cochabamba	osm
44	-17.3814368	-66.151644	Los Tiempos, Cochabamba	osm
44	-17.3731207	-66.1555827	Banco Nacional de Bolivia, Cochabamba	osm
44	-17.3727806	-66.149766	Frutté, Cochabamba	osm
44	-17.3733702	-66.152211	Tuesday, Cochabamba	osm
44	-17.3737851	-66.1564534	iShop Bolivia, Cochabamba	osm
44	-17.3889155	-66.1560546	Manaco, Cochabamba	osm
44	-17.3933901	-66.1509049	FarmaElías, Cochabamba	osm
44	-17.3743537	-66.1582827	Biblioteca ICBA, Cochabamba	osm
44	-17.3856278	-66.1577678	Banco BCP, Cochabamba	osm
44	-17.3892692	-66.1565026	Biblioteca Pública Bilingüe Abraham Lincoln, Cochabamba	osm
44	-17.3891042	-66.1561985	Scharff Bolivia, Cochabamba	osm
44	-17.3759804	-66.1555874	La Juventud, Cochabamba	osm
44	-17.3696244	-66.16255	Coffee Company C&C, Cochabamba	osm
44	-17.3714855	-66.1747516	Palacio del Silpancho, Cochabamba	osm
44	-17.3956909	-66.157652	G & H, Cochabamba	osm
44	-17.3887885	-66.1583676	Palacio del Silpancho, Cochabamba	osm
44	-17.3936651	-66.1686463	Banco Unión, Cochabamba	osm
44	-17.3736221	-66.1625922	FarmaElías, Cochabamba	osm
44	-17.3915155	-66.1535474	Super Haas, Cochabamba	osm
44	-17.3703048	-66.1581621	Burbujas	osm
44	-17.3922445	-66.1559814	Heladería Dumbo, Cochabamba	osm
44	-17.3734262	-66.1506485	Sole Mio, Cochabamba	osm
44	-17.3753645	-66.1567944	The Urban Way, Cochabamba	osm
44	-17.3884656	-66.179586	Farmacorp, Cochabamba	osm
44	-17.3833812	-66.158606	Restaurant Suiza, Cochabamba	osm
44	-17.3731967	-66.1487971	Rotary Club Cochabamba, Cochabamba	osm
44	-17.3751881	-66.1429535	Carballo, Cochabamba	osm
44	-17.3835068	-66.1460006	Mis Mascotas, Cochabamba	osm
44	-17.3838398	-66.1458629	Santana, Cochabamba	osm
44	-17.3828919	-66.1452826	Tiffany'es, Cochabamba	osm
44	-17.3672424	-66.1714491	Pizzeria Italia, Cochabamba	osm
44	-17.3896984	-66.1554516	Bioniza	osm
44	-17.3810674	-66.1501626	Swisscontact, Cochabamba	osm
44	-17.3954063	-66.1572725	Instituto de Investigaciones Antropológicas y Museo Arqueológico, Cochabamba	osm
44	-17.3931736	-66.1565485	Salón de Exposiciones Gíldaro Antezana Rojas, Cochabamba	osm
44	-17.3946521	-66.1562712	Espresso Café, Cochabamba	osm
44	-17.3725806	-66.1573475	Nacional Vida, Cochabamba	osm
44	-17.3928883	-66.1598125	Bvictorin, Cochabamba	osm
44	-17.3897902	-66.1595509	La Castallena, Cochabamba	osm
44	-17.3898614	-66.1595365	Totto, Cochabamba	osm
44	-17.3889567	-66.1573641	Restaurante La Cantonata, Cochabamba	osm
44	-17.3762886	-66.1752613	Obelix, Cochabamba	osm
44	-17.3722777	-66.1759687	Supermercado Re Barato, Cochabamba	osm
44	-17.3690056	-66.1604447	Sushi Town, Cochabamba	osm
44	-17.3963525	-66.156525	Centro de Estudios de Población, Cochabamba	osm
44	-17.3963605	-66.1565754	Centro de Estudios Superiores Universitarios, Cochabamba	osm
44	-17.3948285	-66.1563286	Hotel Las Vegas, Cochabamba	osm
44	-17.3935082	-66.1472924	Instituto de Estudios Sociales y Económicos, Cochabamba	osm
44	-17.3932967	-66.146949	Centro de Mejoramiento de la Enseñanza de la Matemática e Informática, Cochabamba	osm
44	-17.3783057	-66.1559685	Chifa Zafiro, Cochabamba	osm
44	-17.3755679	-66.1512364	Baby Corp, Cochabamba	osm
44	-17.3761229	-66.1512695	Los Castores, Cochabamba	osm
44	-17.3766158	-66.1515362	Sud Americana Rent a Car, Cochabamba	osm
44	-17.3735368	-66.1500319	WonderFood, Cochabamba	osm
44	-17.3782882	-66.1518163	Mueblería IBEMA, Cochabamba	osm
44	-17.3931234	-66.1563838	Club Social Cochabamba, Cochabamba	osm
44	-17.393955	-66.1562912	Skemas, Cochabamba	osm
44	-17.3835181	-66.1528845	Farmacia Cosmos, Cochabamba	osm
44	-17.3608946	-66.182021	Los Castores, Cochabamba	osm
44	-17.3745827	-66.1539706	Mitsuba, Cochabamba	osm
44	-17.3738543	-66.1375212	FEMCO, Cochabamba	osm
44	-17.3950396	-66.156073	Multilaser, Cochabamba	osm
44	-17.3856233	-66.1471103	Veterinaria Garfield, Cochabamba	osm
44	-17.3949017	-66.1572172	Paulinas, Cochabamba	osm
44	-17.3937707	-66.2799474	Chicken's Kingdom, Cochabamba	osm
44	-17.3726178	-66.1578945	MAXIFarma, Cochabamba	osm
44	-17.3762385	-66.1567757	VIVA, Cochabamba	osm
44	-17.3757664	-66.1638882	Centro de Flebología LASER, Cochabamba	osm
44	-17.3691361	-66.1633932	PRODEM, Cochabamba	osm
44	-17.3899399	-66.1592148	AXS Bolivia, Cochabamba	osm
44	-17.388847	-66.1597217	Agitato, Cochabamba	osm
44	-17.3900709	-66.1594976	Cooperativa de Ahorro y Crédito Societaria CACEF, Cochabamba	osm
44	-17.3899189	-66.1595258	ATM	osm
44	-17.3857072	-66.1591019	Quilocons, Cochabamba	osm
44	-17.3936621	-66.1688311	Banco Económico, Cochabamba	osm
44	-17.3937415	-66.165033	Restaurante Tunari, Cochabamba	osm
44	-17.3712948	-66.1426403	Wist'upiku, Cochabamba	osm
44	-17.3814619	-66.1746501	Servicio Nacional de Metereología e Hidrología, Cochabamba	osm
44	-17.3860231	-66.1664906	4 Hielos, Cochabamba	osm
44	-17.4110198	-66.1651813	A, Cochabamba	osm
44	-17.4145206	-66.1783944	Dirección General de Migración, Cochabamba	osm
44	-17.3955744	-66.1511896	Rellenos Calama, Cochabamba	osm
44	-17.3855464	-66.147387	Los Castores, Cochabamba	osm
44	-17.3902681	-66.15585	Alex Place	osm
44	-17.393829	-66.1544127	La Despensa Natural, Cochabamba	osm
44	-17.3896582	-66.1527627	Mi Salud, Cochabamba	osm
44	-17.3915173	-66.1544764	Megathlon Fitness Club, Cochabamba	osm
44	-17.392359	-66.1565682	La Promotora, Cochabamba	osm
44	-17.3695691	-66.1637807	Santa Ana de Cala Cala, Cochabamba	osm
44	-17.3767233	-66.1556054	Sol del Valle, Cochabamba	osm
44	-17.4039661	-66.0392812	Gobierno Autónomo Muncipal de Sacaba	osm
44	-17.3805099	-66.1445539	Fundación para la Educación en Contextos de Multilingüismo y Pluriculturalidad, Cochabamba	osm
44	-17.3887751	-66.1552328	Julyo's, Cochabamba	osm
44	-17.3961235	-66.1572372	Turismo Sinergia, Cochabamba	osm
44	-17.3994677	-66.1443026	Evolution, Cochabamba	osm
44	-17.3985324	-66.1589686	Wasinchej Asociadas, Cochabamba	osm
44	-17.3705938	-66.1566361	Guantanamera, Cochabamba	osm
44	-17.3983112	-66.1588309	Las Lomas, Cochabamba	osm
44	-17.3724794	-66.157152	Nueva Era, Cochabamba	osm
44	-17.4018606	-66.1551934	Hogar La Providencia, Cochabamba	osm
44	-17.3864533	-66.155651	MacGrafics, Cochabamba	osm
44	-18.2053912	-65.1800183	U.E. Santa Martha, Aiquile	osm
44	-18.2051339	-65.1800532	U.E. San Adalberto Fe y Alegría, Aiquile	osm
44	-17.38598	-66.157442	Bhakti, Cochabamba	osm
44	-17.3888076	-66.1566094	Ganesha, Cochabamba	osm
44	-17.3934816	-66.1514749	Panadería y Repostería Hornerito, Cochabamba	osm
44	-17.3704029	-66.1745982	Fuente De Vida, Cochabamba	osm
44	-17.3903433	-66.1476394	Clínica de Especialidades Odontóligicas Sanabria, Cochabamba	osm
44	-17.385087	-66.1665523	Fantasy Land, Cochabamba	osm
44	-17.3724184	-66.1663748	SSY Sistemas de Seguridad, Cochabamba	osm
44	-17.3829119	-66.1520476	Pollos Chester's, Cochabamba	osm
44	-17.4144541	-66.1609778	Atlas FabLab, Cochabamba	osm
44	-17.5189729	-66.1145127	Hacienda de Kaluyo, Tarata	osm
44	-17.3709027	-66.1681169	UBICAR, Cochabamba	osm
44	-17.391554	-66.167848	Centro de Producción Radiofónica, Cochabamba	osm
44	-17.354737	-66.1803345	TecknoAuto	osm
44	-17.3530886	-66.1811207	Il Padrino	osm
44	-17.3545091	-66.180022	El Sol	osm
44	-17.3511225	-66.1995005	Veterinaria El Mundo Animal, Tiquipaya	osm
44	-17.3507778	-66.1991838	Julieta, Tiquipaya	osm
44	-17.3630607	-66.1809337	San Miguel norte	osm
44	-17.5728896	-65.7678529	Gobierno Autónomo Municipal de Arani	osm
44	-17.3905348	-66.1594182	Carcaje Tours, Cochabamba	osm
44	-17.3942602	-66.1583786	La Francesa, Cochabamba	osm
44	-17.3552673	-66.178561	node/3555280368	osm
44	-17.3551398	-66.178844	Creaciones Maguie	osm
44	-17.3550643	-66.179506	D'Clase Eventos	osm
44	-17.3584749	-66.1780924	InflaPark, Cochabamba	osm
44	-17.3905373	-66.1594572	Radio Centro, Cochabamba	osm
44	-17.3783599	-66.1509727	Vinnopolis, Cochabamba	osm
44	-17.3681604	-66.1635599	Farmacias Chávez, Cochabamba	osm
44	-17.3820632	-66.1539887	Saki, Cochabamba	osm
44	-17.5449649	-65.836221	Cooperativa de Ahorro y Crédito San José de Punata, Punata	osm
44	-17.3960813	-66.158359	Comunidad Adoratrices	osm
44	-17.4008545	-66.1540111	Canadá	osm
44	-17.396328	-66.1711877	Bueno	osm
44	-17.3774573	-66.1541394	Hemo Diagnostic	osm
44	-17.3764356	-66.1537943	Instituto Nacional de Neurología, Neurocirugía y Columna Vertebral, Cochabamba	osm
44	-17.3722562	-66.1692169	Spicy, Cochabamba	osm
44	-17.6155766	-65.8105866	Iglesia San Isidro, Villa Rivero	osm
44	-17.3714103	-66.1618653	Disney Kids, Cochabamba	osm
44	-17.372272	-66.1632444	Pollos América, Cochabamba	osm
44	-17.5453524	-65.8378478	Virgen del Tepeyac	osm
44	-17.5485067	-65.8352371	Farmacia Señor de los Milagros	osm
44	-17.3947118	-66.15974	Instituto Gnostico de Antropologia	osm
44	-17.3658385	-66.1705345	Compañía Industrial Maderera	osm
44	-17.3636845	-66.1656229	HidroFisio, Cochabamba	osm
44	-17.3992264	-66.15409	Internacional	osm
44	-17.3985349	-66.1564604	Residencial Escobar	osm
44	-17.3835161	-66.1701964	Empresa Misicuni, Cochabamba	osm
44	-17.3881844	-66.1493587	Servicio Departamental de Salud Cochabamba, Cochabamba	osm
44	-17.3884932	-66.1528122	INFOBEST, Cochabamba	osm
44	-17.3933882	-66.1627062	Standard ELECTRIC, Cochabamba	osm
44	-17.3966315	-66.2777715	Servicio de Registro Cívico, Quillacollo	osm
44	-17.37486	-66.1621585	Centro de Acopio Copelme, Cochabamba	osm
44	-17.39847	-66.1553735	MOTOTEC	osm
44	-17.3928103	-66.1611856	Instituto Técnico ICEPAL, Cochabamba	osm
44	-17.5470896	-65.838529	MOTOTEC	osm
44	-17.3955085	-66.1537725	Pollos Panchita, Cochabamba	osm
44	-17.3977105	-66.1535073	Panchita, Cochabamba	osm
44	-17.3935278	-66.1579482	Panchita	osm
44	-17.4102601	-66.1511641	Panchita	osm
44	-17.3985466	-66.2820695	Panchita, Quillacollo	osm
44	-17.3993599	-66.1567108	Artesanias y Bordados Bolivia, Cochabamba	osm
44	-17.3794325	-66.1604294	Churrasquería Cala Cala, Cochabamba	osm
44	-17.3542651	-66.1882326	Almacén, Cochabamba	osm
44	-17.3729043	-66.1878807	Centro Cultural La Casa Abierta, Cochabamba	osm
44	-17.3832127	-66.1496126	Cochabamba	osm
44	-17.3978879	-66.1584414	node/3878595978	osm
44	-17.9421813	-65.3418365	Gobierno Autónomo Municipal de Mizque, Mizque	osm
44	-17.3900897	-66.1536928	El Palacio de las Llaves, Cochabamba	osm
44	-17.3906805	-66.1540723	Parqueo Bazan, Cochabamba	osm
44	-17.3888174	-66.1430511	Radio Móvil Santiago, Cochabamba	osm
44	-17.3710644	-66.1823454	Rote, Cochabamba	osm
44	-16.984591	-65.4298087	Restaurante Surubí, Villa Tunari	osm
44	-17.3889161	-66.1562361	Eli's, Cochabamba	osm
44	-17.3844092	-66.1511623	Centro de Diagnóstico Médico Londres, Cochabamba	osm
44	-17.377282	-66.2000649	Instituto de Investigaciones Forenses, Cochabamba	osm
44	-17.3982477	-66.1567845	Lussac, Cochabamba	osm
44	-17.3775874	-66.1571137	American Printer	osm
44	-17.3784686	-66.1538984	El Progreso, Cochabamba	osm
44	-17.39959	-66.1450225	Cumpita, Cochabamba	osm
44	-17.4005753	-66.1821291	Zelada, Cochabamba	osm
44	-17.35621	-66.1975428	Comunidad Educativa Tiquipaya Wasi	osm
44	-17.3894966	-66.1516285	Intersanitas, Cochabamba	osm
44	-17.3894388	-66.1516375	Sexy in the City, Cochabamba	osm
44	-17.4025722	-66.1831262	García, Cochabamba	osm
44	-17.3683795	-66.1456434	Perteca, Cochabamba	osm
44	-17.3866846	-66.1655136	Autoridad de Fiscalización y Control Social de Electricidad, Cochabamba	osm
44	-17.3713301	-66.1525898	Tic Tac Toe Preeschool, Cochabamba	osm
44	-17.3955448	-66.1570923	Boliviana de Aviación, Cochabamba	osm
44	-17.373807	-66.1631082	Taller MotoCar, Cochabamba	osm
44	-17.3768707	-66.1629032	UNICEF Bolivia, Cochabamba	osm
44	-17.3674907	-66.1349045	Kuska, Cochabamba	osm
44	-17.374891	-66.1561382	Ombú Hogar, Cochabamba	osm
44	-17.3744054	-66.155719	Ombú Muebles, Cochabamba	osm
44	-17.3842234	-66.1529254	Pizzería Las Leñas del Valle, Cochabamba	osm
44	-17.3930915	-66.1555394	Óptica Mundo Lentes, Cochabamba	osm
44	-17.3680794	-66.1800914	Pro Cycles, Cochabamba	osm
44	-17.337693	-66.218668	Gobierno Autónomo Municipal de Tiquipaya, Tiquipaya	osm
44	-17.3924661	-66.1555568	Fair Play, Cochabamba	osm
44	-17.3940626	-66.155612	Fair Play, Cochabamba	osm
44	-17.3830067	-66.1524679	Punto Verde, Cochabamba	osm
44	-17.3840979	-66.153622	EcoJet, Cochabamba	osm
44	-17.3829637	-66.1529869	Dr. Jaime Marañon, Cochabamba	osm
44	-17.383339	-66.1523371	Level Gym, Cochabamba	osm
44	-18.2033688	-65.1778669	Balneario El Paraíso	osm
44	-17.3972153	-66.1567883	Bethel, Cochabamba	osm
44	-17.3757847	-66.1643896	Sabores	osm
44	-17.3910785	-66.1670641	Líder Económica, Cochabamba	osm
44	-17.3720803	-66.1715841	Toner Systems, Cochabamba	osm
44	-17.3766342	-66.1752093	Supermercado América, Cochabamba	osm
44	-17.3951344	-66.3091007	Viva Vinto, Vinto	osm
44	-17.3707014	-66.1483455	Cayenna Bistro Café, Cochabamba	osm
44	-17.384363	-66.1537639	Complet TranSoft, Cochabamba	osm
44	-17.3971014	-66.1538163	Importadora LINZ	osm
44	-17.3890133	-66.1471382	Estudió de Arquitectura y Urbanismo, Cochabamba	osm
44	-17.3902899	-66.1514968	Codensa	osm
44	-17.3685302	-66.1686716	Quinta El Palmar, Cochabamba	osm
44	-17.3922087	-66.1599829	Hotel León	osm
44	-17.3919051	-66.2858017	Pensión La Paz	osm
44	-17.392873	-66.1448097	Departamento de Física, Cochabamba	osm
44	-17.3934854	-66.1443164	Departamento de Química, Cochabamba	osm
44	-17.3887554	-66.1633206	El Canguro	osm
44	-16.9936471	-65.2444385	Comercial Oriente	osm
44	-17.3866115	-66.1621356	AHA Bolivia	osm
44	-17.4291414	-66.1584521	Farmacia 14 de Octubre	osm
44	-16.9937067	-65.2444222	Comercial Oriente	osm
44	-17.3541103	-66.184588	Garage	osm
44	-17.3955016	-66.156816	Colegio Departamental de Auditores, Cochabamba	osm
44	-17.3771739	-66.1532798	Baretto	osm
44	-17.3771488	-66.153741	Milanesa Club	osm
44	-17.5901326	-65.9344089	Gobierno Autónomo Municipal de Cliza, Cliza	osm
44	-17.3744831	-66.155729	SteIngenieria, Cochabamba	osm
44	-17.3758113	-66.1555587	Supermercado Petocho, Cochabamba	osm
44	-17.3708428	-66.1684463	Santillana de Ediciones, Cochabamba	osm
44	-17.387118	-66.2814288	Iglesia Parroquial Santísima Trinidad, Quillacollo	osm
44	-17.4048893	-66.1552	Multi Marcas M&V2, Cochabamba	osm
44	-17.3923539	-66.1554444	Viajes Tejada, Cochabamba	osm
44	-17.3895588	-66.1561891	Hostal Bonaerense, Cochabamba	osm
44	-17.3782883	-66.157182	Sushito's, Cochabamba	osm
44	-17.404987	-66.0186067	EE.SS Villa Obrajes, Sacaba	osm
44	-17.5439797	-65.8394203	AutoCar Repuestos	osm
44	-17.3935278	-66.0584764	Estación Policial Integral Huayllani Grande	osm
44	-17.3987726	-66.1522699	BiciMotos Fenix	osm
44	-17.373586	-66.1594456	NEFRODIAL	osm
44	-17.373975	-66.1480232	Che Pibe Resto Gourmet, Cochabamba	osm
44	-17.3876438	-66.1552108	Servicio de Estacionamiento Municipal, Cochabamba	osm
44	-17.3989605	-66.1545225	Cristo de la Concordia	osm
44	-17.3996009	-66.1573042	Fortaleza	osm
44	-17.3781887	-66.1762247	Ferretería San Jorge, Cochabamba	osm
44	-17.5306409	-66.0871401	Restaurante Cabaña Las Gaviotas	osm
44	-17.3886689	-66.2403961	Gobierno Autónomo Municipal de Colcapirhua, Colcapirhua	osm
44	-17.3802973	-66.1434726	CAFFE	osm
44	-17.383122	-66.1560326	Galindo, Cochabamba	osm
44	-17.3679	-66.1460167	Ferreteria Fischer	osm
44	-17.3781642	-66.0806912	Coral	osm
44	-17.3781221	-66.0808724	S. Ramirez	osm
44	-17.378236	-66.0801145	Segovia R.	osm
44	-17.4547554	-66.1595686	Quinta Doña Silvia	osm
44	-17.3931392	-66.1801248	Ferretería Michelle, Cochabamba	osm
44	-17.4005172	-66.1540608	LAB-TEC REPARACIÓN DE CELULARES	osm
44	-17.3749773	-66.1720133	3FCylinders, Cochabamba	osm
44	-17.3734217	-66.1397052	Servi Cars	osm
44	-17.3640519	-66.2044243	Victoria	osm
44	-17.380826	-66.092183	Soldadura y Fabricación Willy Arispe, Sacaba	osm
44	-17.3844305	-66.15275	Academia de la Danza C&S, Cochabamba	osm
44	-17.3655041	-66.1768042	La Cacerola	osm
44	-17.3718848	-66.1759623	Vibrobal	osm
44	-17.3915593	-66.0851539	Los Braseros, Cochabamba	osm
44	-17.3812459	-66.1530465	RE/MAX Libertad, Cochabamba	osm
44	-17.3816052	-66.1530275	Laboratorio Universo, Cochabamba	osm
44	-17.3409964	-66.2166259	Fabrica de Colchones Señor de Mayo, Tiquipaya	osm
44	-17.3732556	-66.1573384	MEDICAR, Cochabamba	osm
44	-17.3880209	-66.1540294	Empapelados Colowall, Cochabamba	osm
44	-17.402106	-66.1087597	Ferrufino	osm
44	-17.3714584	-66.171096	Mi Pequeña Casita, Cochabamba	osm
44	-17.3849142	-66.1574217	Laboratorio España, Cochabamba	osm
44	-17.3779844	-66.156784	Odontologia y Salud	osm
44	-17.3858065	-66.159081	Caxia Tours, Cochabamba	osm
44	-17.3717525	-66.1716389	Vanidad	osm
44	-17.3937037	-66.2793108	Diana	osm
44	-17.3952436	-66.159566	Instituto Nacional de Estadística, Cochabamba	osm
44	-17.4104916	-66.1506168	Parada a Totora, Cochabamba	osm
44	-17.3905486	-66.2761686	Servicio de Impuestos Nacionales, Quillacollo	osm
44	-17.3633257	-66.1628291	Servicio Municipal de Agua Potable y Alcantarillado, Cochabamba	osm
44	-17.3893174	-66.1528427	Co Café Arte, Cochabamba	osm
44	-17.3860242	-66.1540889	Audioprot, Cochabamba	osm
44	-17.3730278	-66.1576872	FairPlay, Cochabamba	osm
44	-17.372945	-66.1683542	TECNOGAMA, Cochabamba	osm
44	-17.3846692	-66.1529691	Dynamica, Cochabamba	osm
44	-17.398833	-66.1665744	Transportes El Dorado Cargo, Cochabamba	osm
44	-17.3898902	-66.1434156	Heladería Bambino, Cochabamba	osm
44	-17.3871991	-66.1534407	Tamesis, Cochabamba	osm
44	-17.3895441	-66.1572998	Menta, Cochabamba	osm
44	-17.3609149	-66.1594955	Vías Bolivia, Cochabamba	osm
44	-17.3806531	-66.1701904	Fundación FES, Cochabamba	osm
44	-17.3481228	-66.1901863	Anahí, Tiquipaya	osm
44	-17.3895498	-66.1434422	Escuela Superior de Administración de Empresas, Cochabamba	osm
44	-17.3935927	-66.1591439	Café Ideal, Cochabamba	osm
44	-17.3738885	-66.1786984	Radio Taxi Gaviota, Cochabamba	osm
44	-17.3952703	-66.1659121	RHENN	osm
44	-17.3731664	-66.1564266	Nearshore Code, Cochabamba	osm
44	-17.3832271	-66.1615288	Centro de Educación Integral Nursery, Cochabamba	osm
44	-17.3722231	-66.1533347	Pepones Burger Shop, Cochabamba	osm
44	-17.3763333	-66.149516	BurgerHaus & Café, Cochabamba	osm
44	-17.390478	-66.1499585	Panadería y Repostería Hornerito, Cochabamba	osm
44	-17.3864666	-66.1483846	Hospital Materno Infantil Germán Urquidi, Cochabamba	osm
44	-17.637115	-65.5094955	Complejo Turístico Toro Warkhu, Municipio Vacas	osm
44	-17.3876719	-66.1510997	Servicios Técnicos e Importaciones, Cochabamba	osm
44	-16.9734359	-65.4177527	Habana las Cocas, Villa Tunari	osm
44	-17.376291	-66.1564848	Tecnologia Systems, Cochabamba	osm
44	-17.3391254	-66.2176833	Quinta Restaurant Las Magnolias Doña Eva, Tiquipaya	osm
44	-17.360715	-66.1827979	La Granja	osm
44	-17.4491622	-66.1428812	Laboratorio de Hidráulica, Cochabamba	osm
44	-17.4491365	-66.1431908	Laboratorio de Geotécnia, Cochabamba	osm
44	-17.4555828	-66.1050251	MaxiDía	osm
44	-17.3780058	-66.151961	Seguros La Vitalicia, Cochabamba	osm
44	-17.3872141	-66.1479981	HP Medical, Cochabamba	osm
44	-17.393866	-66.1575634	Farmacia Cosmos, Cochabamba	osm
44	-17.3944362	-66.1571134	Argenper, Cochabamba	osm
44	-17.3949875	-66.1738413	Reductores de Velocidad San Jorge, Cochabamba	osm
44	-17.3831325	-66.163843	CEDIB, Cochabamba	osm
44	-17.3895704	-66.1638885	Distrito Scout Cochabamba, Cochabamba	osm
44	-17.3856309	-66.1591198	Jet Express Courier, Cochabamba	osm
44	-17.5449185	-65.8359106	Prudencio	osm
44	-17.3827717	-66.1680293	Cochabamba	osm
44	-17.3831274	-66.1578192	Ivana Sanchez, Cochabamba	osm
44	-17.3880936	-66.1579111	DATAX	osm
44	-17.3839492	-66.1512523	Radiotaxi Ciudad Jardín, Cochabamba	osm
44	-17.6148588	-66.0297295	Centro de Espiritualidad Franciscana Tarata, Municipio Tarata	osm
44	-17.3951676	-66.1658928	Radio Mosoj Chaski, Cochabamba	osm
44	-17.3748977	-66.1479833	node/5218929005	osm
44	-17.3745024	-66.1482866	Zoomedica, Cochabamba	osm
44	-17.3760602	-66.149907	Las Moras Parilla, Cochabamba	osm
44	-17.392637	-66.1544504	Abog. Victor Hugo Lopez A., Cochabamba	osm
44	-17.3983609	-66.1548899	Ágape	osm
44	-17.4275284	-66.1296291	Comuna Valle Hermoso, Cochabamba	osm
44	-17.4330002	-66.1593754	Di Camacho	osm
44	-17.3939356	-66.1470564	Centro de Levantamientos Aeroespaciales y Aplicaciones de Sistemas de Información Geográfica para el Desarrollo Sostenible de los Recursos Naturales, Cochabamba	osm
44	-17.3953235	-66.1473833	Centro de Planificación y Gestión	osm
44	-17.3960973	-66.1565273	Facultad de Ciencias Sociales, Cochabamba	osm
44	-17.3920446	-66.1613087	Hotel La Fontaine, Cochabamba	osm
44	-17.3859052	-66.2174771	TANTRA Platinum	osm
44	-17.4204926	-66.1355181	Escuela Carmen Vega	osm
44	-17.4139942	-66.1641191	Chamarritas	osm
44	-17.4166335	-66.1552724	Alitas del Sur	osm
44	-17.4035743	-66.0397691	Arquitectura Integral	osm
44	-17.3943111	-66.169016	Radio Pío XII, Cochabamba	osm
44	-17.3953724	-66.1622559	Servicios Electrónicos, Cochabamba	osm
44	-17.3782174	-66.1940163	HS Services, Cochabamba	osm
44	-17.3774789	-66.1610242	FarmaElías, Cochabamba	osm
44	-17.3694834	-66.1510241	Escuela de Conductores Bolivia, Cochabamba	osm
44	-17.5907402	-65.9324246	Casa Cliza, Cliza	osm
44	-17.3893412	-66.1600802	CUBE - Centro una Brisa de Esperanza, Cochabamba	osm
44	-17.3852137	-66.1487615	Farmacia Ventura, Cochabamba	osm
44	-17.3853749	-66.1488708	Dr. Victor H. Garcia Paredes, Cochabamba	osm
44	-17.3918815	-66.1400531	Super Farma, Cochabamba	osm
44	-17.3887879	-66.1703831	SIAAL	osm
44	-17.3881819	-66.1433788	Iglesia Bautista Muyurina, Cochabamba	osm
44	-17.3629016	-66.1656819	Redux Corporación, Cochabamba	osm
44	-17.394119	-66.1733551	Casa de Oración, Cochabamba	osm
44	-17.3650484	-66.1605843	Vias Bolivia, Cochabamba	osm
44	-17.3771793	-66.1527754	Abuelita Ruth, Cochabamba	osm
44	-17.3962866	-66.161203	Organización Bautista de Desarrollo Social	osm
44	-17.4372258	-66.1544909	Carpintero Don Abel Casero, Cochabamba	osm
44	-17.4098953	-66.1427974	Mancomunidad de Municipios del Cono Sur	osm
44	-17.3840359	-66.0848179	El Atracón	osm
44	-17.400873	-66.1651005	Caldos La Florida	osm
44	-17.3745414	-66.1712399	FisioSana	osm
44	-16.972346	-65.4155062	Hostal Palmilla	osm
44	-17.4042139	-66.0386895	Urkupiña SRL, Sacaba	osm
44	-17.3882692	-66.1806084	Unidad Técnica de Ferrocarriles, Cochabamba	osm
44	-17.4070505	-66.1285757	Escuela de Fútbol Aurora, Cochabamba	osm
44	-17.3358192	-66.2410547	Hacienda Campo Grande, Tiquipaya	osm
44	-17.3932895	-66.1513338	SAWERS BOLIVIA, Cochabamba	osm
44	-17.3926465	-66.1562696	NATIVA Suites, Cochabamba	osm
44	-17.3832585	-66.2847427	Cooperativa de Transporte Cocapata RL, Quillacollo	osm
44	-17.3886478	-66.1583425	Gustosso, Cochabamba	osm
44	-17.3682665	-66.171939	Sauna Spa Puerto Natura, Cochabamba	osm
44	-17.3891473	-66.110602	Urkupiña, Cochabamba	osm
44	-17.3937122	-66.1821367	Administración de Servicios Portuarios - Bolivia, Cochabamba	osm
44	-17.3948181	-66.1592071	GRAFISOL, Cochabamba	osm
44	-17.3374814	-66.2170709	Farmacia Tiquipaya, Tiquipaya	osm
44	-17.4326111	-66.1190774	Las flores	osm
44	-17.4315603	-66.1159346	GRILLOS BAR	osm
44	-17.3765168	-66.1567743	Kieffer & Asociados, Cochabamba	osm
44	-17.3811031	-66.1681175	Multi Cheff, Cochabamba	osm
44	-17.3911273	-66.2268027	Representaciones Cortez, Colcapirhua	osm
44	-17.3756126	-66.1619407	Representaciones Cortez, Cochabamba	osm
44	-17.3932996	-66.145822	Departamento de Industrias, Cochabamba	osm
44	-17.3939228	-66.1449429	Departamento de Biología, Cochabamba	osm
44	-17.3932511	-66.1448059	Decanato FCyT, Cochabamba	osm
44	-17.3928803	-66.1457099	Educación Asistida por Computador, Cochabamba	osm
44	-17.395358	-66.1509538	Central Moto, Cochabamba	osm
44	-17.3967937	-66.2786518	Banco Unión, Quillacollo	osm
44	-17.7132277	-66.2647705	Restaurant Casa Nuestra, Capinota	osm
44	-17.382898	-66.1562239	Centro de Gastroenterología y Nutrición Infantil, Cochabamba	osm
44	-17.4398165	-66.1483355	Patos Doña Ely	osm
44	-17.3671137	-66.1714598	Veterinaria Ayala, Cochabamba	osm
44	-17.3880137	-66.2178878	Radio Móvil Corona, Cochabamba	osm
44	-17.3714286	-66.1826489	Lavandería Lava-me	osm
44	-17.3827322	-66.1542099	Inmobiliaria Dos Torres, Cochabamba	osm
44	-17.4054057	-66.050716	Yachay Chhalaku	osm
44	-17.4162744	-65.9538038	Yachay Chhalaku	osm
44	-17.3969811	-66.1405347	Librería Irbe, Cochabamba	osm
44	-17.4045386	-66.282141	Instituto Gloriette	osm
44	-17.3943134	-66.1694635	Banco Nacional de Bolivia, Cochabamba	osm
44	-17.3780174	-66.1655154	Pollos Choco Express, Cochabamba	osm
44	-17.3823643	-66.1531796	Hombres de Paz, Cochabamba	osm
44	-17.3970506	-66.1534552	Tawa Sport	osm
44	-17.3755271	-66.1237715	Radio Móvil Cisne	osm
44	-17.3716837	-66.1623584	Bio Mercado, Cochabamba	osm
44	-17.9405633	-65.3420907	Transporte Señor de Burgos	osm
44	-17.3844419	-66.1602749	Enviaje	osm
44	-17.3351719	-66.2154775	Ciudad de las Flores, Tiquipaya	osm
44	-17.3333024	-66.2167533	Balneario Bahia Coral, Tiquipaya	osm
44	-17.3790043	-66.1660814	Coral Suaznabar Ballet Studio, Cochabamba	osm
44	-17.372515	-66.1759697	Pizza Overtime, Cochabamba	osm
44	-18.1995077	-65.1778303	Servicio de Registro Cívico, Aiquile	osm
44	-17.3423606	-66.2105797	Cafe Jose Paz, Tiquipaya	osm
44	-17.3769373	-66.1563478	Biocentro Bonjour Sante, Cochabamba	osm
44	-17.3903443	-66.1532681	Central Vet, Cochabamba	osm
44	-17.3393049	-66.2142765	EE.SS. Khora, Tiquipaya	osm
44	-17.397699	-66.1544131	Inducol	osm
44	-17.3379832	-66.2212188	Farmacia Dinámica, Tiquipaya	osm
44	-17.3393514	-66.2216652	Toro Negro	osm
44	-17.383463	-66.1550966	Consultoría y Servicios de Valoración, Cochabamba	osm
44	-17.3394175	-66.2214795	Rosticeria Tiquipaya, Tiquipaya	osm
44	-17.3386186	-66.2211733	Farmacia Aleadri, Tiquipaya	osm
44	-17.4064237	-66.1563505	Distribuidora Zurita, Cochabamba	osm
44	-17.3788402	-66.1605334	Centro Integral de Estudios Futbolísticos, Cochabamba	osm
44	-17.342439	-66.2102985	Pollos Lucho, Tiquipaya	osm
44	-17.3826612	-66.1545724	Menta Bar, Cochabamba	osm
44	-17.3950387	-66.1414822	Cooperativa de Ahorro y Crédito Abierta San José de Punata, Cochabamba	osm
44	-17.3979445	-66.1391576	Centro Calasanz, Cochabamba	osm
44	-17.3375114	-66.2171	Centro Medico Santa Teresita, Tiquipaya	osm
44	-17.3383819	-66.2173596	Odontologia Integral Villarroel, Tiquipaya	osm
44	-17.3926928	-66.1444563	Centro de Aguas y Saneamiento Ambiental, Cochabamba	osm
44	-17.3938465	-66.1445719	Centro de Biodiversidad y Genética, Cochabamba	osm
44	-17.3945508	-66.1451511	Oficina de Educación, Cochabamba	osm
44	-17.3944822	-66.1452286	Laboratorio de Refrigeración y Aire Acondicionado, Cochabamba	osm
44	-17.3944743	-66.1451606	Programa de Investigación en Tecnologías Aplicadas, Cochabamba	osm
44	-17.3938807	-66.1448637	Unidad de Limnología y Recursos Acuáticos, Cochabamba	osm
44	-17.3938256	-66.1453116	Departamento de Ingeniería Eléctrica y Electrónica, Cochabamba	osm
44	-17.393311	-66.145883	Centro de Investigación y Desarrollo Industrial, Cochabamba	osm
44	-16.9723769	-65.4157997	DGSC - Villa Tunari, Villa Tunari	osm
44	-17.3927532	-66.1451617	Instituto de Investigaciones, Cochabamba	osm
44	-17.3933343	-66.1449446	Departamento Ingeniería Civil, Cochabamba	osm
44	-17.3881285	-66.1742454	Bicicletería París, Cochabamba	osm
44	-17.3808694	-66.1608238	Escuela de Fútbol SEDEDE Cochabamba, Cochabamba	osm
44	-17.3931913	-66.146896	Departamento de Matemáticas, Cochabamba	osm
44	-17.3932213	-66.1468918	Centro de Estadística Aplicada, Cochabamba	osm
44	-17.3932115	-66.1470504	Dirección de Posgrado Facultad Ciencias y Tecnología, Cochabamba	osm
44	-17.3946089	-66.1557206	Teatro Wálter Antezana, Cochabamba	osm
44	-17.3587949	-66.1719458	Subalcaldía Tunari, Cochabamba	osm
44	-17.5342666	-65.9633968	Gobierno Autónomo Municipal de Tolata, Tolata	osm
44	-17.3862676	-66.1473412	Biblioteca Yatiña, Cochabamba	osm
44	-17.3852862	-66.1487915	UNI Imagen	osm
44	-17.3814479	-66.1623621	Servicio Departamental del Deporte, Cochabamba	osm
44	-17.3771551	-66.1740815	Comunidad Parroquial Madre del Verbo Divino, Cochabamba	osm
44	-17.373695	-66.1812776	Librería Editorial Verbo Divino, Cochabamba	osm
44	-17.3395741	-66.2217118	Radio Móvil San Miguel	osm
44	-17.3751638	-66.128393	Administradora Boliviana de Carreteras, Cochabamba	osm
44	-17.3950392	-66.1856208	ProMujer, Cochabamba	osm
44	-17.3856306	-66.1484598	Hospital Clínico Viedma, Cochabamba	osm
44	-17.3852246	-66.1483222	Centro de Información Toxicológica, Cochabamba	osm
44	-17.3905429	-66.1484089	Alicamp, Cochabamba	osm
44	-17.4074959	-66.1504659	Centro Médico San Carlos Borromeo, Cochabamba	osm
44	-17.3748807	-66.1301621	Pollos América, Cochabamba	osm
44	-17.3835338	-66.1597275	Europcar, Cochabamba	osm
44	-17.3375839	-66.2196944	Pollos a la Brasa San Gabriel, Tiquipaya	osm
44	-17.4000732	-66.1722725	Servicio Nacional de Registro y Control de Comercialización de Minerales y Metales, Cochabamba	osm
44	-17.3909534	-66.1491097	Effen's Restaurant, Cochabamba	osm
44	-17.4000999	-66.1590984	Secretaría Departamental de Coordinación General, Cochabamba	osm
44	-17.4000986	-66.1591601	Secretaría Departamental de Desarrollo Humano Integral, Cochabamba	osm
44	-17.4001011	-66.1592285	Secretaría Departamental de Desarrollo Productivo y Economía Plural, Cochabamba	osm
44	-17.3783445	-66.1513336	Chifa Lai Lai Diamante, Cochabamba	osm
44	-17.385676	-66.1569017	Restaurante Tunari, Cochabamba	osm
44	-17.3824086	-66.1463343	World Vision Bolivia, Cochabamba	osm
44	-17.3802751	-66.14434	ISA Servicios, Cochabamba	osm
44	-17.3839661	-66.1521808	CONCESO, Cochabamba	osm
44	-17.3843716	-66.1515182	Huayllani La Hacienda del Té, Cochabamba	osm
44	-17.3790142	-66.1636284	Secretaría Departamental de Finanzas y Administración, Cochabamba	osm
44	-17.4001427	-66.1592544	Secretaría Departamental de Minería, Cochabamba	osm
44	-17.4001964	-66.1592544	Secretaría Departamental de Obras y Servicios, Cochabamba	osm
44	-17.4002643	-66.1592531	Secretaría Departamental de los Derechos de la Madre Tierra, Cochabamba	osm
44	-17.4005762	-66.1593304	Asamblea Legislativa Departamental de Cochabamba, Cochabamba	osm
44	-17.3376138	-66.2196168	Farmacorp, Tiquipaya	osm
44	-17.3717241	-66.1488061	Hotel Boutique La Casa de Margarita, Cochabamba	osm
44	-17.3733974	-66.1517892	Cocolatte, Cochabamba	osm
44	-17.3846447	-66.1677417	Churrasquería El Novillo, Cochabamba	osm
44	-17.3837277	-66.1693582	Boliviana de Aviación, Cochabamba	osm
44	-17.3917707	-66.1490678	Tribunal Constitucional Plurinacional de Bolivia, Cochabamba	osm
44	-17.3791316	-66.1529235	Sub Alcaldía Adela Zamudio, Cochabamba	osm
44	-17.3737876	-66.1561509	Derma Medic, Cochabamba	osm
44	-17.3719362	-66.1578261	La Barra Limeña, Cochabamba	osm
44	-17.3896726	-66.1583621	Widex Bolivia, Cochabamba	osm
44	-17.3880903	-66.1719529	Agencia Despachante de Aduana Copersa, Cochabamba	osm
44	-17.3720767	-66.1665144	iMarket, Cochabamba	osm
44	-17.3715089	-66.1685441	Baroni, Cochabamba	osm
44	-17.3659823	-66.1684326	WET Chemical Bolivia, Cochabamba	osm
44	-17.3854344	-66.1473404	Laboratorio BioCenter, Cochabamba	osm
44	-17.3941832	-66.1578861	Laboratorio FENIX, Cochabamba	osm
44	-17.3701966	-66.1718916	MAMUT, Cochabamba	osm
44	-17.3952343	-66.1555179	La Francesa, Cochabamba	osm
44	-17.3781362	-66.164621	Farmacia Cosmos, Cochabamba	osm
44	-17.3917274	-66.148836	Laboratorio Lia-Lab, Cochabamba	osm
44	-17.3945387	-66.1576408	Costetología ETINY, Cochabamba	osm
44	-17.3720525	-66.1562141	Hidrotec, Cochabamba	osm
44	-17.3942591	-66.1702087	Magui, Cochabamba	osm
44	-17.3491628	-66.1951563	Torres Garage, Tiquipaya	osm
44	-17.3854586	-66.1501688	Salón Glady's, Cochabamba	osm
44	-17.383106	-66.153389	Auditorio Christian Valbert, Cochabamba	osm
44	-17.3878841	-66.1485959	Cámara Departamental del Libro de Cochabamba, Cochabamba	osm
44	-17.4142389	-66.1788662	Boliviana de Aviación, Cochabamba	osm
44	-17.3991212	-66.1554827	Hotel Americana, Cochabamba	osm
44	-17.3778692	-66.1518799	BISA Seguros y Reaseguros, Cochabamba	osm
44	-17.3914568	-66.1358997	Silpanchería Orejas de Elefante, Cochabamba	osm
44	-17.3375762	-66.2210854	Frial de Pollos Ely	osm
44	-17.3929967	-66.2811489	Centro de Capacitación Técnica Gloria	osm
44	-17.3922646	-66.1554617	Omafaka, Cochabamba	osm
44	-17.3987996	-66.1579036	Hostal Versalles, Cochabamba	osm
44	-17.3773998	-66.1514085	De K'ffe Restaurante, Cochabamba	osm
44	-17.3882465	-66.1535976	Importadora Manuel Buitrago, Cochabamba	osm
44	-17.3739348	-66.1529025	Centro K'ayra, Cochabamba	osm
44	-17.4052033	-66.156359	Reparación Computadores Rolando Borda Pereira, Cochabamba	osm
44	-17.3814834	-66.1186265	Sumaj Yapay, Sacaba	osm
44	-17.3979929	-66.1520167	Ferreteria Rodry, Cochabamba	osm
44	-17.3976078	-66.1493287	Card Autoadhesivos, Cochabamba	osm
44	-17.3816359	-66.1539487	AXS Bolivia, Cochabamba	osm
44	-17.3928035	-66.1609973	Sico Sol, Cochabamba	osm
44	-17.3593788	-66.3229651	Centro de Semillas Pairumani, Pairumani	osm
44	-17.3785203	-66.1531888	Los Castores, Cochabamba	osm
44	-17.3962019	-66.157117	Los Castores, Cochabamba	osm
44	-17.3869151	-66.170526	Los Castores, Cochabamba	osm
44	-17.379571	-66.1811635	Los Castores, Cochabamba	osm
44	-17.3726022	-66.1467563	MACC, Cochabamba	osm
44	-17.3756405	-66.1508683	Chicken's Kingdom, Cochabamba	osm
44	-17.3717115	-66.1396593	La Villa Restaurant, Cochabamba	osm
44	-17.3899	-66.1564953	Joyas Emperatriz, Cochabamba	osm
44	-17.3738658	-66.1451002	Centro Láser de Piel, Cochabamba	osm
44	-17.3895205	-66.1668552	Megathlon Xpress, Cochabamba	osm
44	-17.3755867	-66.150694	Sbarro, Cochabamba	osm
44	-17.3734181	-66.1507848	Sbarro, Cochabamba	osm
44	-17.3742627	-66.1867828	Repostería La Casa de mi Padre, Cochabamba	osm
44	-17.3757729	-66.1507923	Julyo's, Cochabamba	osm
44	-17.3589913	-66.1731193	Burger Factory, Cochabamba	osm
44	-17.3881608	-66.1800981	Cine Norte, Cochabamba	osm
44	-17.3881913	-66.1801736	Eli's, Cochabamba	osm
44	-17.3785292	-66.1526788	Eli's, Cochabamba	osm
44	-17.3772428	-66.1567048	Consulado Honorario de Chile, Cochabamba	osm
44	-17.3859019	-66.2521001	Inquibol, Quillacollo	osm
44	-17.384497	-66.1536567	Amaszonas, Cochabamba	osm
44	-17.4142645	-66.1788333	Amaszonas, Cochabamba	osm
44	-17.3832803	-66.1480351	Masajes y Acupuntura China, Cochabamba	osm
44	-17.3871034	-66.1509552	Naturalmente Uni-K, Cochabamba	osm
44	-17.3710242	-66.1828084	Naturalmente Uni-K, Cochabamba	osm
44	-17.3709729	-66.1602728	Audioprot, Cochabamba	osm
44	-17.363854	-66.1659551	Radio Móvil Jacarandá, Cochabamba	osm
44	-17.3907079	-66.1590635	Galería Copacabana, Cochabamba	osm
44	-17.3902998	-66.1594928	Instituto Tecnológico Mundial OMIE, Cochabamba	osm
44	-17.3921583	-66.1590641	Wistupiku, Cochabamba	osm
44	-17.3949301	-66.1562157	Wist'upiku, Cochabamba	osm
44	-17.3881273	-66.1540055	Triunvirato, Cochabamba	osm
44	-17.3762547	-66.1593002	360 Grados Traveling	osm
44	-17.3731885	-66.1481762	Banco Fortaleza, Cochabamba	osm
44	-17.3731853	-66.1482446	Aseguradora Fortaleza, Cochabamba	osm
44	-17.3931618	-66.1558245	Biblioteca Padro Julio Murillo, Cochabamba	osm
44	-17.3917989	-66.1491104	Laboratorio Xentiz, Cochabamba	osm
44	-17.368958	-66.1620999	Laboratorio Xentiz, Cochabamba	osm
44	-17.3653981	-66.163448	Naturaleza, Cochabamba	osm
44	-17.3829924	-66.1675054	Alimtecno, Cochabamba	osm
44	-17.3992454	-66.2863758	COTES srl	osm
44	-17.3760215	-66.142109	Fisio Active, Cochabamba	osm
44	-17.3760087	-66.1424534	Pizzería Villa Esperanza, Cochabamba	osm
44	-17.3784217	-66.1631681	Weidling, Cochabamba	osm
44	-17.3784984	-66.1634212	Grupo Inmobiliario Adkiere, Cochabamba	osm
44	-17.3722585	-66.1428365	Rellenos Calama, Cochabamba	osm
44	-17.4116302	-66.1541181	Super EMAPA, Cochabamba	osm
44	-17.4512261	-66.1300453	Super EMAPA, Cochabamba	osm
44	-17.4020524	-66.2817181	Super EMAPA, Quillacollo	osm
44	-17.3759167	-66.1538351	Servicio Electronico ZRC, Cochabamba	osm
44	-17.3832094	-66.158648	Avandsalud, Cochabamba	osm
44	-17.3838026	-66.1581242	Radio Fides Cochabamba, Cochabamba	osm
44	-17.3840187	-66.1682202	Las Mil Vajillas, Cochabamba	osm
44	-17.3843069	-66.1680335	City, Cochabamba	osm
44	-17.3967745	-66.1527363	Vida Dental, Cochabamba	osm
44	-17.3968418	-66.1530092	Movil Store Cochabamba, Cochabamba	osm
44	-17.3968007	-66.1534708	Óptica Espinoza, Cochabamba	osm
44	-17.368895	-66.1709837	Veterinaria Paraíso de los Animales, Cochabamba	osm
44	-17.3859798	-66.1536158	El Pahuichi, Cochabamba	osm
44	-17.386915	-66.1506131	Tritec, Cochabamba	osm
44	-17.3908226	-66.1460641	Secretaria Parroquial San Pedro, Cochabamba	osm
44	-17.383346	-66.1517047	Británico Boliviano de Cultura, Cochabamba	osm
44	-17.3777098	-66.176356	Centro Clínico Los Olivos, Cochabamba	osm
44	-17.4012753	-66.1475892	Servicio Departamental Agropecuario, Cochabamba	osm
44	-16.97664	-65.4273519	Distribuidora Sharon, Villa Tunari	osm
44	-17.9416634	-65.3427717	Hotel Mavi, Mizque	osm
44	-17.3871829	-66.1542304	Centro Médico Anghela, Cochabamba	osm
44	-17.3755881	-66.1500635	Tunari Restaurante (Sucursal 2), Cochabamba	osm
44	-17.3992119	-66.3165948	Super EMAPA, Vinto	osm
44	-17.3937938	-66.1584363	Hotel Magno	osm
44	-17.3855624	-66.1622402	Central de Insumos MF, Cochabamba	osm
44	-17.385011	-66.1622974	Wilma Rodriguez Peluquería, Cochabamba	osm
44	-17.3943787	-66.1586437	Chocolates para el Mundo, Cochabamba	osm
44	-17.3792734	-66.160368	Instituto Tecnológico Milan Moda, Cochabamba	osm
44	-17.3803802	-66.1598066	Labogen, Cochabamba	osm
44	-17.3797544	-66.160344	Churrasquería Tunari, Cochabamba	osm
44	-17.3753639	-66.1619948	Seg-Bol, Cochabamba	osm
44	-17.3797091	-66.1592211	Ense Organics, Cochabamba	osm
44	-17.5647036	-66.2531422	Ense Organics, Santivañez	osm
44	-17.3681999	-66.1606794	IMOcert, Cochabamba	osm
44	-17.3674681	-66.1698183	ActiveTrack Bolivia, Cochabamba	osm
44	-17.3916004	-66.1970897	CJ Importador Distribuidor, Cochabamba	osm
44	-17.385248	-66.1673481	Farmacia Tadeo Haenke	osm
44	-17.3854014	-66.1674417	Sandy Soccer Cancha de Parquet	osm
44	-17.3804167	-66.1761876	Multi Fashion, Cochabamba	osm
44	-17.3908265	-66.14831	Crecer IFD, Cochabamba	osm
44	-17.3855597	-66.1591254	Hostal Baptista, Cochabamba	osm
44	-17.3702849	-66.1708985	Mamá Vicenta, Cochabamba	osm
44	-17.3751845	-66.1513037	Banco Económico, Cochabamba	osm
44	-17.3842421	-66.1602009	Chaly's Snack	osm
44	-17.3707351	-66.1801803	Veterinaria Tiquipaya, Cochabamba	osm
44	-17.3875717	-66.1562422	Banco de Crédito de Bolivia	osm
44	-17.3850157	-66.1532914	Servicio Nacional de Verificación de Exportaciones, Cochabamba	osm
44	-17.3850078	-66.1533382	Banco Nacional de Bolivia, Cochabamba	osm
44	-17.4090157	-66.1718284	Fábrica Boliviana de Insumos Médicos, Cochabamba	osm
44	-17.4139256	-66.1440227	Intendencia Municipal, Cochabamba	osm
44	-17.4001718	-66.156269	Hostal Salome	osm
44	-17.4003144	-66.1563512	Residencial Miriam, Cochabamba	osm
44	-17.4001343	-66.1562846	Laboratorio Cristo Rey	osm
44	-17.4016279	-66.2913378	Productos La Mejicana, Quillacollo	osm
44	-17.3699615	-66.1631328	Chusu's, Cochabamba	osm
44	-17.3993977	-66.0490666	Cerámica COBOCE, Sacaba	osm
44	-17.3690869	-66.1602036	Consulado Honorario de España, Cochabamba	osm
44	-17.3936959	-66.1687059	Banco Unión	osm
44	-17.4161324	-66.1708857	Instituto Nacional de Aviación Civil, Cochabamba	osm
44	-17.3829789	-66.1534252	Lunes de Cine, Cochabamba	osm
44	-17.3830254	-66.153427	Mediateca Alianza Francesa, Cochabamba	osm
44	-17.4202719	-66.1741231	Airline Pilot Academy, Cochabamba	osm
44	-17.3669561	-66.1660329	Panadería y Repostería Hornerito, Cochabamba	osm
44	-17.3929939	-66.1603197	Panadería y Repostería Hornerito, Cochabamba	osm
44	-17.3711748	-66.160588	Panadería y Repostería Hornerito, Cochabamba	osm
44	-17.3823792	-66.177118	Centro de Comunicación y Desarrollo Andino, Cochabamba	osm
44	-17.3960291	-66.1656416	SCAN Telecomunicaciones, Cochabamba	osm
44	-17.3970141	-66.1646592	Lubricantes y Repuestos Miriam, Cochabamba	osm
44	-17.385837	-66.154381	Laboratorio Bio Search, Cochabamba	osm
44	-17.3379805	-66.2207844	Frial de Pollos Zenobia	osm
44	-17.3907999	-66.1548192	Dismamed, Cochabamba	osm
44	-17.3866767	-66.1468367	Banco de Sangre de Referencia Departamental Cochabamba, Cochabamba	osm
44	-17.3817534	-66.1492285	Radio María Bolivia, Cochabamba	osm
44	-17.3630149	-66.1793369	Ferroplom, Cochabamba	osm
44	-17.386319	-66.1491126	Instituto Gastroenterológico Boliviano-Japonés, Cochabamba	osm
44	-17.3899917	-66.1508343	Importadora Rocha, Cochabamba	osm
44	-17.3819871	-66.1172621	Bio XXI, Sacaba	osm
44	-17.414514	-66.176223	Cochabamba	osm
44	-17.3937491	-66.1457166	Universidad Mayor de San Simón, Cochabamba	osm
44	-17.3874651	-66.1465799	Unidad Educativa Loyola, Cochabamba	osm
44	-17.3815	-66.1580053	Club de Tenis Cochabamba, Cochabamba	osm
44	-17.3736839	-66.153045	Museo de Historia Natural Alcide d'Orbigny, Cochabamba	osm
44	-17.3683834	-66.154233	Unidad Educativa Americano, Cochabamba	osm
44	-17.3688495	-66.1562079	Centro Cultural Anglo Americano, Cochabamba	osm
44	-17.3315901	-66.2256457	Universidad del Valle, Tiquipaya	osm
44	-17.3340868	-66.2303227	Hotel Regina Resort & Convenciones, Tiquipaya	osm
44	-17.3987606	-66.2184247	Universidad Privada Boliviana, Colcapirhua	osm
44	-17.3801686	-66.2508589	Casa Campestre, Colcapirhua	osm
44	-17.4091689	-66.1604933	Cementerio General de Cochabamba, Cochabamba	osm
44	-17.3948234	-66.1587936	Iglesia de Santo Domingo, Cochabamba	osm
44	-17.4100549	-66.1786688	Empresa Municipal de Áreas Verdes y Recreación Alternativa, Cochabamba	osm
44	-17.4526197	-66.122484	Refinería Gualberto Villarroel, Cochabamba	osm
44	-17.3785211	-66.1194818	Empresa Municipal de Servicios de Aseo, Cochabamba	osm
44	-17.3831879	-66.1508581	Unidad Educativa Don Bosco Cochabamba, Cochabamba	osm
44	-17.3749525	-66.1584273	Universidad Privada Franz Tamayo, Cochabamba	osm
44	-17.366651	-66.3203783	Casa Museo Villa Albina, Vinto	osm
44	-17.3730839	-66.1432248	Comunidad de Padres Agustinos, Cochabamba	osm
44	-17.3771921	-66.1679473	Unidad Educativa Parroquial Santa Ana de Cala Cala Maryknoll, Cochabamba	osm
44	-17.3885219	-66.2512841	Embotelladoras Bolivianas Unidas, Quillacollo	osm
44	-17.3925834	-66.1441811	Unidad Educativa CENDI San Simón, Cochabamba	osm
44	-17.4024201	-66.1277263	Country Club Cochabamba, Cochabamba	osm
44	-17.3748043	-66.1530858	Palacio Portales, Cochabamba	osm
44	-17.3743605	-66.1438471	Unidad Educativa Pedro Poveda, Cochabamba	osm
44	-17.3722265	-66.1435565	Universidad Católica Boliviana San Pablo, Cochabamba	osm
44	-17.3863624	-66.1469757	Escuela Técnica de Salud Boliviano Japonesa de Cooperación Andina, Cochabamba	osm
44	-17.3805865	-66.1527203	Instituto de Educación Integral y Formación Artística Eduardo Laredo, Cochabamba	osm
44	-17.4074092	-66.1503833	Parroquia San Carlos Borromeo, Cochabamba	osm
44	-17.4025676	-66.1619532	Academia Nacional de Música Man Césped, Cochabamba	osm
44	-17.4214309	-66.1328643	Hospital Univalle, Cochabamba	osm
44	-17.3924447	-66.1472014	Cooperativa de Ahorro y Crédito Abierta San Pedro, Cochabamba	osm
44	-17.3930486	-66.1578601	Parroquia San Ignacio de Loyola, Cochabamba	osm
44	-17.3946732	-66.1495738	Centro de Pediatría Albina Rodrigues de Patiño, Cochabamba	osm
44	-17.3890856	-66.16221	Hogar de Ancianos San José, Cochabamba	osm
44	-17.3925052	-66.2308515	Instituto Psiquiátrico San Juan de Dios, Colcapirhua	osm
44	-17.3906252	-66.2572819	Unilever Andina Bolivia, Quillacollo	osm
44	-17.3869835	-66.3153624	Universidad Adventista de Bolivia, Vinto	osm
44	-17.3940395	-66.1823572	Hipermaxi, Cochabamba	osm
44	-17.3926486	-66.2569671	Centro Integral de Medicina Familiar Quillacollo, Quillacollo	osm
44	-17.3276119	-66.1842915	Planta Taquiña, Cochabamba	osm
44	-17.3495521	-66.1545478	Escuela de Ciencias Forestales, Cochabamba	osm
44	-17.3931854	-66.2656765	Empresa Nacional Boliviana Constructora, Quillacollo	osm
44	-17.3709396	-66.1364941	Universidad Privada de Ciencias Administrativas y Tecnológicas, Cochabamba	osm
44	-17.3926789	-66.1646174	Empresa Nacional de Electricidad, Cochabamba	osm
44	-17.3993554	-66.1407851	Centro de Rehabilitación Cochabamba, Cochabamba	osm
44	-17.390322	-66.1412701	Seminario Teológico Bautista, Cochabamba	osm
44	-17.3739752	-66.1508266	Instituto Bahá´í Amelia Collins, Cochabamba	osm
44	-17.3798349	-66.1464208	Unidad Educativa Héroes del Chaco, Cochabamba	osm
44	-17.3816208	-66.1172815	Fideos Coronilla, Sacaba	osm
44	-17.3815827	-66.1161359	Metal Mecánica de Obras y Partes, Sacaba	osm
44	-17.399558	-66.1641097	Estación de Servicio Huayna Kapac, Cochabamba	osm
44	-17.397241	-66.2252768	Aduana Interior Cochabamba, Colcapirhua	osm
44	-17.3647749	-66.2044809	Centro de Eventos y Convenciones El Manantial	osm
44	-17.3805612	-66.222879	Parque Cementerio La Concordia	osm
44	-17.4507419	-66.1338571	Facultad de Ciencias Agrícolas, Pecuarias, Forestales y Veterinarias Martín Cárdenas, Cochabamba	osm
44	-17.3739862	-66.1931982	Industrial Almanza, Cochabamba	osm
44	-17.3942229	-66.2355609	Industrias Protex, Colcapirhua	osm
44	-17.4023678	-66.1580106	Terminal de Buses Cochabamba, Cochabamba	osm
44	-17.3840402	-66.1511416	Toloma Gran Hotel, Cochabamba	osm
44	-17.3923693	-66.1567618	Galería Walter Terrazas Prado, Cochabamba	osm
44	-17.3745709	-66.1283782	Servicio Departamental de Caminos Cochabamba, Cochabamba	osm
44	-17.4032891	-66.1561902	Parroquia San Antonio de Padua, Cochabamba	osm
44	-17.3750042	-66.1933828	Casa de Retiros P. Víctor Blajot	osm
44	-17.3768046	-66.1573707	Unidad Educativa Cristo Redentor, Cochabamba	osm
44	-17.3547274	-66.2031234	Las Lilas Hostel, Tiquipaya	osm
44	-17.3489492	-66.1810327	Iglesia Virgen de Guadalupe, Cochabamba	osm
44	-17.4198831	-66.1469041	Hospital Harry Williams, Cochabamba	osm
44	-17.3524723	-66.2002272	Instituto Oncológico Nacional, Tiquipaya	osm
44	-17.3797619	-66.100766	Comunidad Terapeútica Puntiti, Sacaba	osm
44	-17.3753504	-66.1348412	Universidad Simón Iturri Patiño, Cochabamba	osm
44	-17.394675	-66.1938159	Jesucristo a las Naciones, Cochabamba	osm
44	-17.5452183	-65.8356227	Templo San Juan Bautista, Punata	osm
44	-17.3916925	-66.2025288	HANSA	osm
44	-17.3818756	-66.1484724	Universidad Católica Boliviana San Pablo, Cochabamba	osm
44	-17.3836296	-66.1572844	Escuela Militar de Ingeniería, Cochabamba	osm
44	-17.3769202	-66.1551992	Fuerza Especial de Lucha Contra el Narcotráfico, Cochabamba	osm
44	-17.3555048	-66.2012149	American International School of Bolivia, Tiquipaya	osm
44	-17.3455746	-66.1842564	Fábrica Boliviana de Envases, Cochabamba	osm
44	-17.3970406	-66.104546	Compañía Papelera de Industria y Comercio Mendoza, Sacaba	osm
44	-17.394688	-66.102195	Industria Boliviana de Tejas y Complementos, Sacaba	osm
44	-17.3980792	-66.0489887	Cerámica COBOCE, Sacaba	osm
44	-17.3899761	-66.2111543	Cemvi, Colcapirhua	osm
44	-17.3937671	-66.1078337	Cerámica CIMCO, Sacaba	osm
44	-17.376327	-66.1837852	Universidad Privada Domingo Savio, Cochabamba	osm
44	-17.3846853	-66.1508211	Hipermaxi, Cochabamba	osm
44	-17.3742526	-66.1788824	Avícola Modelo, Cochabamba	osm
44	-17.3650564	-66.1602469	Estación de Servicio Urkupiña, Cochabamba	osm
44	-17.3768261	-66.172625	Hipermaxi, Cochabamba	osm
44	-17.3925584	-66.1890292	Estación de Servicio Los Álamos, Cochabamba	osm
44	-17.3996221	-66.2010361	Industria Molinera Concordia, Cochabamba	osm
44	-17.4013677	-66.2009718	Industrias Ravi, Cochabamba	osm
44	-17.3728909	-66.142037	Universidad Católica Boliviana San Pablo, Cochabamba	osm
44	-17.3907166	-66.0684496	Universidad de Aquino Bolivia, Sacaba	osm
44	-17.3370172	-66.2175448	Hospital de Tiquipaya, Tiquipaya	osm
44	-17.3861276	-66.095094	Nibol, Sacaba	osm
44	-17.6099492	-66.0249404	Estación de Servicio El Puente, Tarata	osm
44	-17.3780272	-66.1526305	FarmaElías, Cochabamba	osm
44	-17.3417698	-66.1895357	Ciudad de los Niños, Tiquipaya	osm
44	-17.3930539	-66.2170859	SACI, Colcapirhua	osm
44	-17.3751473	-66.1083288	Parque de las Memorias, Sacaba	osm
44	-17.3371199	-66.2922526	Centro Ecoturístico El Poncho, Vinto	osm
44	-17.3811216	-66.2371653	Unidad Educativa Cristiano Colcapirhua, Colcapirhua	osm
44	-17.4016455	-66.1088885	Aceros Industriales Ferrufino & Gardilcic, Sacaba	osm
44	-17.3969207	-66.2363048	COMPANEX BOLIVIA, Colcapirhua	osm
44	-17.3883327	-66.0678168	Vivero 4 Estaciones	osm
44	-17.3668327	-66.1758643	Estación de Servicio Santa Mónica, Cochabamba	osm
44	-17.3757296	-66.1505121	Hupermall, Cochabamba	osm
44	-17.3733064	-66.1542993	Universidad Privada Abierta Latinoamericana, Cochabamba	osm
44	-17.396231	-66.1605105	Parqueo Capri	osm
44	-17.3918583	-66.1461867	Casa Madre Margarita María Guaini, Cochabamba	osm
44	-17.396131	-66.2189556	MADISA, Colcapirhua	osm
44	-17.3942826	-66.220259	Industrias Alimenticias Del Valle, Colcapirhua	osm
44	-17.3792133	-66.1468486	Empresa Nacional Automotriz, Cochabamba	osm
44	-17.3768254	-66.1739261	Casa Central Misioneros del Verbo Divino, Cochabamba	osm
44	-17.447746	-66.1395611	Plaxburg, Cochabamba	osm
44	-17.4492871	-66.1376436	Centro de Investigación Agroecología Universidad de Cochabamba, Cochabamba	osm
44	-17.4485387	-66.1374043	Centro Andino para la Gestión y Uso del Agua, Cochabamba	osm
44	-17.448136	-66.1350708	Centro de Mejoramiento Genético y Manejo del Cuy en Bolivia, Cochabamba	osm
44	-17.3833185	-66.1830337	Estación de Servicio Panamericana, Cochabamba	osm
44	-17.3733134	-66.1551203	Paseo Aranjuez, Cochabamba	osm
44	-17.5580228	-66.2526417	Maprin, Santiváñez	osm
44	-17.559979	-66.2525291	Industria Sigma Corp, Santiváñez	osm
44	-17.559246	-66.246588	Juárez Guzmán, Santiváñez	osm
44	-17.407845	-66.1713679	Estación de Servicio Aeropuerto, Cochabamba	osm
44	-17.409204	-66.1723323	Flota Copacabana, Cochabamba	osm
44	-17.3985105	-66.0524569	Estación de Servicio City Truck, Sacaba	osm
44	-17.3926572	-66.1490392	Facultad de Ciencias Sociales, Cochabamba	osm
44	-17.3842689	-66.1578649	FarmaElías, Cochabamba	osm
44	-17.3777058	-66.152114	Parroquia Nuestro Señor de Exaltación de la Recoleta, Cochabamba	osm
44	-17.3773671	-66.1522081	Gran Hotel Cochabamba, Cochabamba	osm
44	-17.3825417	-66.2726007	Instituto Técnico de Comercio INCOS Nº 3 Quillacollo	osm
44	-17.3843568	-66.2734717	Centro Ecuestre Tunari, Quillacollo	osm
44	-17.3879432	-66.1435202	Cochabamba	osm
44	-17.3874166	-66.1503944	Museo de la Historia de la Medicina Don Francisco de Viedma, Cochabamba	osm
44	-17.3883183	-66.1482623	Seguro Social Universitario Cochabamba, Cochabamba	osm
44	-17.3694059	-66.1600661	Universidad Privada Latinoamericana, Cochabamba	osm
44	-17.3737455	-66.1476007	Premier Fitness Club, Cochabamba	osm
44	-17.3916145	-66.1582078	Unidad Educativa Boliviano Argentino, Cochabamba	osm
44	-17.3935886	-66.1596201	Caja Petrolera de Salud, Cochabamba	osm
44	-17.3959845	-66.1609475	San Salvador	osm
44	-17.391233	-66.2173364	Las Lomas, Colcapirhua	osm
44	-17.3895395	-66.2258208	Duralit, Colcapirhua	osm
44	-17.4037876	-66.1619327	Instituto de Formación Artística de Artes Plásticas Raúl González Prada, Cochabamba	osm
44	-17.5184153	-66.3324477	Termas La Cabaña de la Torre	osm
44	-17.3810814	-66.1189414	Imcruz, Sacaba	osm
44	-17.3948457	-66.2139911	Laboratorios IFARBO, Colcapirhua	osm
44	-17.3409503	-66.1911145	Unidad Educativa Bilingüe Sendas de Vida, Tiquipaya	osm
44	-17.3507676	-66.2622689	Fundación para la Promoción e Investigación de Productos Andinos, Quillacollo	osm
44	-17.4064633	-66.0064545	Estación de Servicio Trans Sacaba II, Sacaba	osm
44	-17.3472314	-66.2317436	Empresa Universitaria de Semillas Forrajeras, Tiquipaya	osm
44	-17.4428869	-66.1163833	Iglesia Evangélica Bautista Nueva Vida, Cochabamba	osm
44	-17.4478997	-66.1249382	Estación de Servicio Refinería, Cochabamba	osm
44	-17.3941057	-66.2568703	Porcelana JEIS, Quillacollo	osm
44	-17.3975625	-66.2761814	Dirección Distrital de Educación de Quillacollo, Quillacollo	osm
44	-16.9706247	-65.4210219	Cabañas Resort ACB, Villa Tunari	osm
44	-17.4357012	-66.3339731	Pio Rico, Sipe Sipe	osm
44	-17.398319	-66.2009194	Coboce Hormigón, Cochabamba	osm
44	-17.3994208	-66.2033244	ENDE Transmisión, Cochabamba	osm
44	-17.3948157	-66.2443707	Planta Colcapirhua, Colcapirhua	osm
44	-17.3987818	-66.1421312	Hospital Combase, Cochabamba	osm
44	-17.3926803	-66.2156571	Industria Maderera SALI, Colcapirhua	osm
44	-17.3954946	-66.2936658	MAFUQUI, Quillacollo	osm
44	-17.5430611	-65.843303	Facultad Politécnica del Valle Alto, Punata	osm
44	-17.4000942	-66.16575	mARTadero, Cochabamba	osm
44	-17.3894444	-66.2085567	Refrak, Colcapirhua	osm
44	-17.347586	-66.2901109	Hotel Ecológico y Terapéutico Planeta de Luz, Quillacollo	osm
44	-17.3931947	-66.1651576	Empresa de Luz y Fuerza Eléctrica Cochabamba, Cochabamba	osm
44	-17.3630752	-66.2373623	Universidad Salesiana, Colcapirhua	osm
44	-17.3715599	-66.2285241	ProPlastic, Colcapirhua	osm
44	-17.3877923	-66.1590179	Hospital San Vicente, Cochabamba	osm
44	-17.3833113	-66.159703	Burger King, Cochabamba	osm
44	-17.3837791	-66.1595167	Banco BISA, Cochabamba	osm
44	-17.3911921	-66.1490299	Centro de Hábitos Saludables CORDES, Cochabamba	osm
44	-17.3188014	-66.2551247	Unidad Educativa Kusikuna, Tiquipaya	osm
44	-17.389958	-66.1612864	Super EMAPA, Cochabamba	osm
44	-17.3900531	-66.1554316	Dirección Departamental de Educación, Cochabamba	osm
44	-17.561851	-66.2495566	Planta Industrializadora de Sal y Alimentos Bolivianos, Santiváñez	osm
44	-17.556897	-66.2505997	Parque Industrial Santiváñez, Santiváñez	osm
44	-17.5565822	-66.2417918	San Onofre, Santiváñez	osm
44	-17.5605801	-66.2470716	Coboce Ceramil, Santiváñez	osm
44	-17.3977515	-66.2595894	Programa de Desarrollo de Tecnologías de Fabricación, Quillacollo	osm
44	-17.3895082	-66.179793	Clínica Los Olivos, Cochabamba	osm
44	-17.3951988	-66.2098217	AIDISA, Colcapirhua	osm
44	-17.3532787	-66.263059	Casa de Ejercicios San Ignacio, Quillacollo	osm
44	-17.3992068	-66.1621777	Centro Integral de Medicina Familiar Sur, Cochabamba	osm
44	-17.4069733	-66.1665693	Opal, Cochabamba	osm
44	-17.4092509	-66.1589086	Administración del Cementerio, Cochabamba	osm
44	-17.4160349	-66.1710367	Dirección General de Aeronaútica Civil, Cochabamba	osm
44	-17.3990668	-66.2139011	Lozada Transporte JR, Cochabamba	osm
44	-17.3989302	-66.2138916	REMAPLAC, Cochabamba	osm
44	-17.3759718	-66.1543676	Apart Hotel Anteus, Cochabamba	osm
44	-17.3777969	-66.1542805	Clínica Copacabana, Cochabamba	osm
44	-17.3810888	-66.2889551	Facultad de Ciencias Veterinarias, Quillacollo	osm
44	-17.385369	-66.1584297	COMTECO, Cochabamba	osm
44	-17.3856732	-66.1582773	Banco Mercantil Santa Cruz, Cochabamba	osm
44	-17.3607678	-66.181349	Boliviana de Aviación, Cochabamba	osm
44	-17.3799425	-66.1250354	Casa de Reposo La Colonia, Cochabamba	osm
44	-17.3724231	-66.1299385	Instituto Tecnológico Industrial Comercial Puerto de Mejillones, Cochabamba	osm
44	-17.3799963	-66.140091	Centro Cuarto Intermedio, Cochabamba	osm
44	-17.4023608	-66.1837641	Envasadora July, Cochabamba	osm
44	-17.391326	-66.1588895	Secretaria de Salud, Cochabamba	osm
44	-17.527363	-66.0856823	Restaurante Lago del Eden, Arbieto	osm
44	-17.3966668	-66.1565217	Banco Mercantil Santa Cruz, Cochabamba	osm
44	-17.3752549	-66.1424704	Piscina Victoria, Cochabamba	osm
44	-17.3933297	-66.1690811	Instituto Técnico de Enseñanza Automotriz, Cochabamba	osm
44	-17.3830222	-66.1534136	Alianza Francesa, Cochabamba	osm
44	-17.3835365	-66.1537547	Centro de Convenciones y Eventos El Campo, Cochabamba	osm
44	-17.3742963	-66.1582796	Instituto Cultural Boliviano Alemán, Cochabamba	osm
44	-17.3895578	-66.1564508	Centro Boliviano Americano, Cochabamba	osm
44	-17.3883386	-66.15658	Caja de Salud de la Banca Privada, Cochabamba	osm
44	-17.3802253	-66.1512444	MegaCenter, Cochabamba	osm
44	-17.3770719	-66.1475277	Radiotaxi La Rosa, Cochabamba	osm
44	-17.3729474	-66.1439467	Unidad Educativa San Agustín, Cochabamba	osm
44	-17.3763533	-66.1507361	Casa Ideas, Cochabamba	osm
44	-17.3778222	-66.1510293	ATB Cochabamba, Cochabamba	osm
44	-17.3743902	-66.1432237	Residencia Universitaria Femenina Los Molles, Cochabamba	osm
44	-17.3747841	-66.1430589	Centro Yachay Tinkuy, Cochabamba	osm
44	-17.3955343	-66.1497042	Centro de Promoción y Prevención de Salud Albiña Rodrigues de Patiño, Cochabamba	osm
44	-17.3788428	-66.1605227	Federación Boliviana de Fútbol, Cochabamba	osm
44	-17.4006398	-66.2017391	ETIX Distribuidora, Cochabamba	osm
44	-17.348698	-66.1746749	Hospital del Norte, Cochabamba	osm
44	-17.3777542	-66.1471681	La Boliviana Ciacruz, Cochabamba	osm
44	-17.3947745	-66.1804022	Clínica ProSalud, Cochabamba	osm
44	-17.3791256	-66.1269162	INPROCO, Cochabamba	osm
44	-17.3861379	-66.1055167	CAMESBA, Sacaba	osm
44	-17.3935808	-66.1604124	Opinión, Cochabamba	osm
44	-17.3660419	-66.1756126	Jalasoft, Cochabamba	osm
44	-17.3739094	-66.1619361	Unidad Educativa Paulo Freire, Cochabamba	osm
44	-17.3763521	-66.1629203	Caja de Salud CORDES, Cochabamba	osm
44	-17.3782483	-66.1629224	Universidad Central, Cochabamba	osm
44	-17.378563	-66.1647134	Clínica Los Angeles, Cochabamba	osm
44	-17.3737096	-66.154317	Hotel Aranjuez, Cochabamba	osm
44	-17.3939469	-66.158248	Centro Integral de Medicina Familiar Manuel Ascencio Villarroel, Cochabamba	osm
44	-17.3938844	-66.1595856	Tecnológico Nacional Ceicom, Cochabamba	osm
44	-17.3931937	-66.1580787	Centro Comercial Galindo Mall, Cochabamba	osm
44	-17.3915792	-66.2492386	Finning Bolivia, Colcapirhua	osm
44	-17.3951078	-66.157536	Facultad de Ciencias Sociales, Cochabamba	osm
44	-17.3914823	-66.147519	Clínica Del Niño, Cochabamba	osm
44	-17.3936875	-66.1455485	Facultad de Ciencias y Tecnología	osm
44	-17.3632009	-66.1434255	Fondo Nacional de Inversión Productivo y Social, Cochabamba	osm
44	-17.3949494	-66.1555843	Contraloría General del Estado, Cochabamba	osm
44	-17.3915509	-66.14833	Banco Unión, Cochabamba	osm
44	-17.3921785	-66.1488112	Clínica Policial 2 Virgen de Copacabana, Cochabamba	osm
44	-17.3926246	-66.1575869	Unión Plaza Hotel, Cochabamba	osm
44	-17.4197512	-66.1403022	Biblioavión, Cochabamba	osm
44	-17.3872541	-66.1473389	Casa Guadalupe, Cochabamba	osm
44	-17.3866631	-66.1468234	Banco de Sangre de Referencia Departamental Cochabamba, Cochabamba	osm
44	-17.3869105	-66.147098	Laboratorio Departamental de Referencia, Cochabamba	osm
44	-17.3647221	-66.1792265	Clínica Cochabamba ProSalud, Cochabamba	osm
44	-17.3871845	-66.1545926	Brinks Bolivia, Cochabamba	osm
44	-17.4164549	-66.1477349	Centro de Nutrición Infantil Albina Rodriguez de Patiño, Cochabamba	osm
44	-17.393028	-66.15391	Agencias Generales, Cochabamba	osm
44	-17.3943271	-66.1537563	Tribunal Departamental de Justicia de Cochabamba, Cochabamba	osm
44	-17.3893984	-66.1477005	Unidad Educativa Domingo Faustino Sarmiento, Cochabamba	osm
44	-17.3728308	-66.1662874	Imcruz Center, Cochabamba	osm
44	-17.3723299	-66.1701568	Master Motors, Cochabamba	osm
44	-17.3723629	-66.1696815	Auto Group, Cochabamba	osm
44	-17.370771	-66.1627326	Romel Motors, Cochabamba	osm
44	-17.3953778	-66.1861146	MONOPOL, Cochabamba	osm
44	-17.395353	-66.1878895	Sociedad Industrial Santa Maria AQSA, Cochabamba	osm
44	-17.3816826	-66.1820048	Hansa, Cochabamba	osm
44	-17.3722538	-66.1601024	Toyosa, Cochabamba	osm
44	-17.3723134	-66.1595847	Panchita, Cochabamba	osm
44	-17.3728635	-66.1622545	IMCRUZ, Cochabamba	osm
44	-17.3730079	-66.1594779	IMCRUZ, Cochabamba	osm
44	-17.3717268	-66.1616872	Dirección de Registro, Control y Administración de Bienes Incautados, Cochabamba	osm
44	-17.4105584	-66.1725604	Boliviana de Aviación Cargo, Cochabamba	osm
44	-17.3882058	-66.1449027	Clínica Los Lirios, Cochabamba	osm
44	-17.385517	-66.1536143	Distrito Redes de Gas Cochabamba, Cochabamba	osm
44	-17.3868068	-66.1496589	Facultad Odontología, Cochabamba	osm
44	-17.3873322	-66.1495437	Facultad de Ciencias Farmacéuticas y Bioquímicas, Cochabamba	osm
44	-17.4489459	-66.133029	Instituto de Investigaciones de la Facultad de Ciencias Agrícolas, Pecuarias y Forestales Martin Cárdenas, Cochabamba	osm
44	-17.3692497	-66.1684654	Centro de Convenciones y Eventos El Portal, Cochabamba	osm
44	-17.3695707	-66.1558466	Dirección General de Migración, Cochabamba	osm
44	-17.3960272	-66.2250587	Almacenera Boliviana, Colcapirhua	osm
44	-17.3866138	-66.1560465	BanComunidad, Cochabamba	osm
44	-17.3861902	-66.1564432	LUIGIS Centro Familiar, Cochabamba	osm
44	-17.3863474	-66.1457208	Laboratorios Farmaceúticos LAFAR, Cochabamba	osm
44	-17.3754853	-66.1544062	Consulado General de Brasil, Cochabamba	osm
44	-17.3745218	-66.1551185	Consulado de la República Argentina, Cochabamba	osm
44	-17.3766637	-66.154586	Catena Hotel, Cochabamba	osm
44	-17.3748709	-66.155029	Formas, Cochabamba	osm
44	-17.3912175	-66.1586578	Colegio Médico Departamental de Cochabamba, Cochabamba	osm
44	-17.3978453	-66.1494905	Universidad Latinoamericana, Cochabamba	osm
44	-17.3896405	-66.1441893	Naturex, Cochabamba	osm
44	-17.3849154	-66.1597778	Centro de Diagnóstico por Imagen Doctor Alberto Darrás R., Cochabamba	osm
44	-17.3850639	-66.1583414	El Prado Hotel, Cochabamba	osm
44	-17.3874763	-66.1626296	Servicio Nacional de Sistema de Reparto, Cochabamba	osm
44	-17.3833994	-66.1490704	Clínica Santa María de los Ángeles, Cochabamba	osm
44	-17.3702462	-66.1426292	Estación de Servicio Aranjuez, Cochabamba	osm
44	-17.3886269	-66.1797834	IC Norte, Cochabamba	osm
44	-17.380855	-66.1680414	Caja de Salud de Caminos y Ramas Anexas, Cochabamba	osm
44	-17.3817039	-66.1443302	Hostal Olympic, Cochabamba	osm
44	-17.3956692	-66.1573559	Banco Nacional de Bolivia, Cochabamba	osm
44	-17.3958713	-66.1578739	Instituto Técnico Superior de Comercio Federico Alvarez Plata, Cochabamba	osm
44	-17.3350296	-66.2404346	Huerto de Los Olivos por El Portal, Quillacollo	osm
44	-17.3906674	-66.1556157	Cine Teatro Capitol, Cochabamba	osm
44	-17.3828179	-66.1663935	Casa de Funerales Concordia, Cochabamba	osm
44	-17.3894528	-66.1573678	Gran Hotel Ambassador, Cochabamba	osm
44	-17.3838942	-66.1593463	Caja de Seguro Social de Choferes, Cochabamba	osm
44	-17.3942831	-66.1661081	Instituto CETA, Cochabamba	osm
44	-17.3690865	-66.1593441	Casa de Funerales La Capilla, Cochabamba	osm
44	-17.3869623	-66.1542851	Cooperativa de Ahorro y Crédito Societaria EMPETROL, Cochabamba	osm
44	-17.3884441	-66.1450056	Centro de Diagnóstico por Imagen Scan Center, Cochabamba	osm
44	-17.3893759	-66.1490601	Clínica Láser, Cochabamba	osm
44	-17.3944213	-66.1591678	Casoña José María Santiváñez, Cochabamba	osm
44	-17.3806643	-66.1436985	Ministerio de Trabajo, Empleo y Previsión Social, Cochabamba	osm
44	-17.3787387	-66.151475	Casa de Campo, Cochabamba	osm
44	-17.3786888	-66.151094	Churrasquería Tunari Buolevard, Cochabamba	osm
44	-17.3786756	-66.1509726	La Estancia, Cochabamba	osm
44	-17.3770855	-66.1514181	Federación de Entidades Empresariales Privadas de Cochabamba, Cochabamba	osm
44	-17.3772507	-66.1513647	Pizzería Cozzolisi, Cochabamba	osm
44	-17.3914379	-66.1491378	Restaurante America's, Cochabamba	osm
44	-17.3908998	-66.1487167	Centro del Accidentado, Cochabamba	osm
44	-17.3842672	-66.1551673	Creciendo Juntos, Cochabamba	osm
44	-17.3885569	-66.1598434	Auto Ventas Rey, Cochabamba	osm
44	-17.556019	-66.2442635	Comapribol, Santiváñez	osm
44	-17.3725419	-66.1510394	IC Norte, Cochabamba	osm
44	-17.3866815	-66.1665912	Clinica Cobija, Cochabamba	osm
44	-17.3823055	-66.1525525	Perfumería Lilian, Cochabamba	osm
44	-17.3732982	-66.1627813	Importadora Campero, Cochabamba	osm
44	-17.3722819	-66.1624463	Banco Ganadero, Cochabamba	osm
44	-17.3865789	-66.1570873	Hotel Diplomat, Cochabamba	osm
44	-17.3866771	-66.1573126	Hotel Regina, Cochabamba	osm
44	-17.3862874	-66.1576245	Apart Hotel Regina, Cochabamba	osm
44	-17.3671534	-66.1662157	Tribunal Electoral Departamental de Cochabamba, Cochabamba	osm
44	-17.3926148	-66.1422263	FarmaElías, Cochabamba	osm
44	-17.3907936	-66.1426173	ENDE Tecnologías, Cochabamba	osm
44	-17.398463	-66.1917459	Inbolpack, Cochabamba	osm
44	-17.3982829	-66.1924473	Industrias Poliform, Cochabamba	osm
44	-17.385225	-66.1653248	Casa de Funerales Bolivar - Bethel, Cochabamba	osm
44	-17.4273513	-66.1622853	INCA Plásticos, Cochabamba	osm
44	-17.3956259	-66.1607191	Caja de Salud de la Banca Privada, Cochabamba	osm
44	-17.3650213	-66.194509	Laboratorios IFA, Cochabamba	osm
44	-17.389548	-66.1569387	Hotel Monserrat, Cochabamba	osm
44	-17.3933527	-66.2151074	Veterquímica, Colcapirhua	osm
44	-17.3967076	-66.1594147	Colegio de Arquitectos de Cochabamba, Cochabamba	osm
44	-17.4106222	-66.1714648	Recinto Aduana Aeropuerto Jorge Wilstermann, Cochabamba	osm
44	-17.4204873	-66.1689239	Transporte Aéreos Bolivianos Cargo, Cochabamba	osm
44	-17.3649039	-66.1737914	Unidad Educativa John Dewey, Cochabamba	osm
44	-17.3801651	-66.1447065	Overseas Courier Service, Cochabamba	osm
44	-17.3933762	-66.1557423	Centro de Espiritualidad Ignaciana, Cochabamba	osm
44	-17.3928546	-66.1561233	Universidad Técnica Privada Cosmos, Cochabamba	osm
44	-17.3700231	-66.1896655	Sociedad Salesiana Bolivia, Cochabamba	osm
44	-17.3923737	-66.1440013	Instituto Confucio de la Universidad Mayor de San Simón, Cochabamba	osm
44	-17.3956837	-66.271625	Iglesia La Vid, Quillacollo	osm
44	-17.3478753	-66.2271261	Frutos del Sur, Tiquipaya	osm
44	-17.3830684	-66.1598966	Banco Fie, Cochabamba	osm
44	-17.4205706	-66.1668757	Escuela de Idiomas Fuerza Aérea Boliviana, Cochabamba	osm
44	-17.3850474	-66.1528747	Defensoría del Pueblo, Cochabamba	osm
44	-16.9965306	-65.1608199	Estación de Servicio Chimoré, Chimoré	osm
44	-17.3795157	-66.1600954	Centro Médico Quirúrgico Bolívar, Cochabamba	osm
44	-17.392133	-66.1961012	Morales & Cia, Cochabamba	osm
44	-17.3751811	-66.1509234	Rosen, Cochabamba	osm
44	-17.3765455	-66.1507467	Heladería Globos, Cochabamba	osm
44	-17.3769003	-66.1567534	Heladería Globos, Cochabamba	osm
44	-17.385901	-66.1576692	Farmacorp, Cochabamba	osm
44	-17.3859699	-66.1580436	Typica, Cochabamba	osm
44	-17.40994	-66.1705506	Importadora CenterCAT, Cochabamba	osm
44	-17.4136999	-66.168926	Laboratorio AHMVida, Cochabamba	osm
44	-17.4066126	-66.2926025	Quinta Chernobyl, Quillacollo	osm
44	-17.3928556	-66.173661	Beller Servicios Mecánicos, Cochabamba	osm
44	-17.3904956	-66.1119719	Incoprol, Sacaba	osm
44	-17.3722846	-66.1619441	Super Mercado América, Cochabamba	osm
44	-17.3716862	-66.1626439	InterSalud, Cochabamba	osm
44	-17.3713041	-66.1627079	Laboratorio Universo, Cochabamba	osm
44	-17.3697211	-66.1630889	ICE Ingenieros, Cochabamba	osm
44	-17.4001764	-66.0442971	Estación de Servicio Chimboco, Sacaba	osm
44	-17.3993956	-66.0491825	Puesto Médico COBOCE, Sacaba	osm
44	-17.4019293	-66.1731682	Aditec, Cochabamba	osm
44	-17.4388049	-66.1626024	Heladería Globos, Cochabamba	osm
44	-17.3762225	-66.1154404	Bolivia's Fruit, Cochabamba	osm
44	-17.4517405	-66.1717003	Marmobol, Cochabamba	osm
44	-17.3943485	-66.1516103	Cooperativa de Ahorro y Crédito Abierta Loyola, Cochabamba	osm
44	-17.3854522	-66.1657524	IpDH Salud, Cochabamba	osm
44	-17.395937	-66.2252694	Aduana Interior Cochabamba, Colcapirhua	osm
44	-17.384398	-66.1566022	Hotel Luxor, Cochabamba	osm
44	-17.3939993	-66.1799202	Cimatel, Cochabamba	osm
44	-17.3963972	-66.0665436	Centro Municipal de Zoonosis Sacaba, Sacaba	osm
44	-17.3720075	-66.1431114	Centro de Educación Alternativa Madre María Oliva, Cochabamba	osm
44	-17.3851765	-66.1567759	Agencia Nacional de Hidrocarburos, Cochabamba	osm
44	-17.378353	-66.1572278	Fair Play, Cochabamba	osm
44	-17.3706194	-66.1627563	Unidad Eeducativa Magic Kids Cala Cala, Cochabamba	osm
44	-17.38808	-66.0959723	Ecoalimentos, Sacaba	osm
44	-17.3876922	-66.1540308	Apart Hotel Violetta's, Cochabamba	osm
44	-17.4033556	-66.1549559	Cooperativa de Ahorro y Crédito San Antonio, Cochabamba	osm
44	-17.3720374	-66.160845	Hospital Univalle Norte, Cochabamba	osm
44	-17.3918564	-66.1563467	Instituto de Educación Bancaria, Cochabamba	osm
44	-17.4206866	-66.1775312	Aeropuerto Internacional Jorge Wilstermann, Cochabamba	osm
44	-17.3872554	-66.2061841	Complejo Recreacional Coña Coña, Cochabamba	osm
44	-17.3898891	-66.1579827	Convento Museo Santa Teresa, Cochabamba	osm
44	-17.3874285	-66.1495063	Facultad de Medicina Doctor Aurelio Melean, Cochabamba	osm
44	-17.3929879	-66.1566348	Concejo Municipal de Cochabamba, Cochabamba	osm
44	-17.4462008	-66.1433488	Centro de Investigación, Formación y Extensión en Mecanización Agrícola, Cochabamba	osm
44	-17.566488	-66.2381676	Parque Industrial Santiváñez, Santiváñez	osm
461	-21.5311878	-64.7366445	Consulado Argentina, Tarija	osm
461	-21.5320108	-64.7409157	Cebras de Tarija, Tarija	osm
462	-20.64064	-65.20893	Camargo	itu+geonames:3922451
464	-19.79998	-63.95617	Monteagudo	itu+geonames:3910094
464	-19.03332	-65.26274	Sucre	itu+geonames:3903987
464	-19.1280349	-65.4493758	Aguas Termales de Talula	osm
464	-19.0471578	-65.2594296	Cosmo Café Restaurant, Sucre	osm
464	-19.0538474	-65.2537852	Museo Arte Indigena (asur)	osm
464	-19.0471186	-65.2594814	Museo del Tesoro, Sucre	osm
464	-19.0279199	-65.246201	Taller Suzuki, Sucre	osm
464	-19.0493394	-65.2588697	Casa de Turismo, Sucre	osm
464	-19.0520178	-65.2617331	Tribunal Electoral Departamental de Chuquisaca	osm
464	-19.0478212	-65.2585575	Metro Café	osm
464	-19.0483294	-65.2590182	Napolitana, Sucre	osm
464	-19.0371936	-65.2631893	Restaurante Rolos, Sucre	osm
464	-19.0508644	-65.2635847	BIZ RENT A CAR	osm
464	-19.04918	-65.2588212	Hotel Boutique La Posada, Sucre	osm
464	-19.0504223	-65.2563086	Open Spanish School	osm
464	-18.9816436	-65.3959385	Refugio Andino Bramadero, Punilla	osm
464	-19.0473144	-65.2599387	Drogueria Natural, Sucre	osm
464	-19.0440969	-65.2602384	Farmacia San Mauro, Sucre	osm
464	-19.0509684	-65.2619914	Vista Training Center	osm
464	-19.0498225	-65.258753	Amsterdam Cafe Bar Restaurant, Sucre	osm
464	-19.0357471	-65.2439403	Representaciones Castaños, Sucre	osm
464	-19.0412784	-65.2524338	Representaciones Castaños, Sucre	osm
464	-19.0503475	-65.2614358	Servicio Nacional del Sistema de Reparto, Sucre	osm
464	-19.0475787	-65.2602671	Casa de la Libertad, Sucre	osm
464	-19.0492296	-65.2615765	Hostal Sucre	osm
464	-19.0483131	-65.258316	Hotel Independencia	osm
464	-19.0454549	-65.250487	Bubulú - Centro Cultural	osm
464	-19.0388546	-65.2463315	Hostal Austria, Sucre	osm
464	-19.0448101	-65.2457586	Farmacia San Agustín, Sucre	osm
464	-19.0390792	-65.2634798	Administradora Boliviana de Carreteras, Sucre	osm
464	-19.0494803	-65.2551511	Museo ASUR, Sucre	osm
464	-19.0064609	-65.2362088	Parque Cretácico	osm
464	-19.0471284	-65.2585482	Cainco Chuquisaca, Sucre	osm
464	-19.0487966	-65.2607568	Archivo y Biblioteca Nacionales de Bolivia	osm
464	-19.0472388	-65.2578458	Fiscalía General del Estado - Bolivia, Sucre	osm
464	-19.1279956	-65.4494925	Aguas Termales de Talula	osm
466	-21.53549	-64.72956	Tarija	itu+geonames:3903320
466	-21.5290021	-64.7339374	Echenique	osm
466	-21.5355006	-64.736289	German Consulate, Tarija	osm
466	-21.5312547	-64.7400633	Los Ceibos, Tarija	osm
466	-21.5338419	-64.7361061	IBT	osm
466	-21.5367452	-64.7349447	XL COMPUTACIÓN	osm
466	-21.5338053	-64.7361388	IBT	osm
466	-21.5332075	-64.75084	Condominio Guigues	osm
466	-21.5015386	-64.7991674	La Pasarela	osm
466	-21.538568	-64.7124682	Lavanderia y Tintoreria SOAPY	osm
466	-21.5298619	-64.7333194	Lavanderia y Tintoreria SOAPY	osm
466	-21.5383927	-64.7222017	Lavanderia de Ropa SOAPY, Tarija	osm
466	-21.6965425	-64.6537367	Bodega del Abuelo	osm
466	-21.5168916	-64.7274116	Radio Móvil 15 de Abril, Tarija	osm
466	-21.5347155	-64.7323343	Belen Restaurante Cafe	osm
466	-21.535647	-64.7538649	Luz De Los Angeles, Tarija	osm
466	-21.5325591	-64.7349322	Tribunal Electoral Departamental de Tarija	osm
466	-21.5334475	-64.7381496	El Molino Apart Hotel, Tarija	osm
466	-21.5447754	-64.7099048	Agencia Despachante de Aduanas Tarija SRL	osm
466	-21.5343978	-64.731719	Servicio Nacional de Sanidad Agropecuaria e Inocuedad Alimentaria, Tarija	osm
466	-21.5660722	-64.6646614	Distrito Comercial Tarija, El Portillo	osm
466	-21.5382836	-64.7492837	Administradora Boliviana de Carreteras, Tarija	osm
466	-21.5325258	-64.7339622	Casa Dorada	osm
466	-21.5453094	-64.7068247	Planta Industrializadora de Leche Tarija, Tarija	osm
466	-21.5463024	-64.7033713	Servicios Eléctricos de Tarija, Tarija	osm
466	-21.5336791	-64.7323586	Centro Eclesial de Documentación, Tarija	osm
466	-21.5360168	-64.7338284	Instituto Técnico Andres Bello López "ITABEL", Tarija	osm
466	-21.59587	-64.6106443	Bodegas Kohlberg	osm
466	-21.5580795	-64.6234104	Ceramica Industrial Sureña - CeramiSur	osm
467	-21.26235	-63.46903	Villamontes	itu+geonames:3901547
467	-21.2677117	-63.4593225	EE.SS. Caiguami, Villamontes	osm
467	-21.268161	-63.4537932	Hotel El Rancho Olivo, Villamontes	osm
467	-21.2687027	-63.4557619	Caja Petrolera de Salud, Villamontes	osm
468	-22.01643	-63.67753	Yacuiba	itu+geonames:3901178
468	-22.0150783	-63.6778567	hostal bolivia	osm
468	-22.013995	-63.6748451	Bambu	osm
469	-22.73206	-64.33724	Bermejo	itu+geonames:3923154
469	-18.8108384	-65.3975267	C.S. Chijmuri, Chijmuri	osm
469	-19.04918	-65.2588212	Hotel Boutique La Posada, Sucre	osm
469	-18.6231834	-65.2856534	C.S. Copavillque, Copavillque	osm
469	-19.3077136	-64.303113	Hotel Padilla, Padilla	osm
